latitude,longitude,bright_ti4,scan,track,acq_date,acq_time,satellite,confidence,version,bright_ti5,frp,daynight
15.09919,100.6448,332.23,0.42,0.38,2026-10-06,0654,N,nominal,2.0NRT,279.99,3.41,D
16.37135,98.72772,347.53,0.39,0.36,2026-10-06,0654,N,nominal,2.0NRT,298.94,7.05,D
18.0405,95.45478,338.05,0.42,0.38,2026-10-06,0657,N,nominal,2.0NRT,297.15,3.58,D
18.40172,96.72803,334.65,0.39,0.36,2026-10-06,0657,N,nominal,2.0NRT,299.46,3.14,D
19.45998,98.31161,326.68,0.39,0.36,2026-10-06,0657,N,nominal,2.0NRT,293.83,1.17,D
19.97674,97.03085,346.38,0.38,0.36,2026-10-06,0657,N,nominal,2.0NRT,299.94,9.5,D
6.34783,80.94305,342.28,0.44,0.46,2026-10-06,0835,N,nominal,2.0NRT,298.35,16.51,D
7.40985,81.27044,332.53,0.48,0.48,2026-10-06,0835,N,nominal,2.0NRT,295.92,1.37,D
7.99448,80.13245,347.07,0.41,0.45,2026-10-06,0835,N,nominal,2.0NRT,300.91,8.2,D
7.99218,80.13303,340.14,0.41,0.45,2026-10-06,0835,N,nominal,2.0NRT,300.57,4.08,D
7.99632,80.13245,337.6,0.41,0.45,2026-10-06,0835,N,nominal,2.0NRT,299.24,4.08,D
8.38519,81.24569,340.55,0.49,0.49,2026-10-06,0835,N,nominal,2.0NRT,300.34,4.67,D
8.43738,80.71143,333.44,0.45,0.47,2026-10-06,0835,N,nominal,2.0NRT,299.12,2.37,D
8.16195,77.60555,332.84,0.45,0.39,2026-10-06,0835,N,nominal,2.0NRT,300.93,2.01,D
22.1485,97.49561,329.97,0.39,0.36,2026-10-06,0657,N,nominal,2.0NRT,300.99,2.08,D
8.17084,77.59177,330.68,0.45,0.39,2026-10-06,0835,N,nominal,2.0NRT,299.49,2.72,D
22.39355,97.91724,339.77,0.39,0.36,2026-10-06,0657,N,nominal,2.0NRT,300.08,5.86,D
8.16976,77.59241,333.38,0.45,0.39,2026-10-06,0835,N,nominal,2.0NRT,299.94,3.05,D
22.57514,97.18037,328.81,0.39,0.36,2026-10-06,0657,N,nominal,2.0NRT,298.31,1.24,D
8.65861,80.63209,337.4,0.45,0.47,2026-10-06,0835,N,nominal,2.0NRT,295.24,3.96,D
20.964,86.00549,340.42,0.44,0.62,2026-10-06,0657,N,nominal,2.0NRT,294.76,4.92,D
8.90058,80.79666,332.03,0.47,0.47,2026-10-06,0835,N,nominal,2.0NRT,301.01,2.59,D
8.89999,80.79242,333.34,0.47,0.47,2026-10-06,0835,N,nominal,2.0NRT,302.19,2.59,D
20.79506,85.25397,331.56,0.5,0.65,2026-10-06,0657,N,nominal,2.0NRT,295.45,6.28,D
8.59111,77.78579,347.96,0.46,0.39,2026-10-06,0835,N,nominal,2.0NRT,303.82,9.1,D
20.96975,85.17754,329.59,0.5,0.66,2026-10-06,0657,N,nominal,2.0NRT,295.74,7.49,D
8.66954,77.99238,334.84,0.47,0.4,2026-10-06,0835,N,low,2.0NRT,305.05,3.73,D
21.07775,85.0387,331.82,0.5,0.66,2026-10-06,0657,N,nominal,2.0NRT,296.09,7.39,D
21.07864,85.03707,335.55,0.5,0.66,2026-10-06,0657,N,nominal,2.0NRT,296.02,8.88,D
8.71318,78.08781,335.58,0.48,0.4,2026-10-06,0835,N,nominal,2.0NRT,302.16,4.72,D
8.71255,78.08345,336.93,0.48,0.4,2026-10-06,0835,N,nominal,2.0NRT,303.34,2.67,D
9.00683,79.86732,338.03,0.41,0.45,2026-10-06,0835,N,nominal,2.0NRT,299.59,4.31,D
9.07477,79.76656,343.53,0.4,0.44,2026-10-06,0835,N,nominal,2.0NRT,301.81,15.09,D
23.68393,94.41549,326.99,0.41,0.37,2026-10-06,0657,N,low,2.0NRT,297.34,2.01,D
9.07425,79.76287,340.21,0.4,0.44,2026-10-06,0835,N,nominal,2.0NRT,302.52,15.09,D
9.07887,79.76598,345.2,0.4,0.44,2026-10-06,0835,N,nominal,2.0NRT,302.99,15.09,D
9.07835,79.76231,341.4,0.4,0.44,2026-10-06,0835,N,nominal,2.0NRT,302.66,15.09,D
9.08556,79.78381,343.06,0.4,0.45,2026-10-06,0835,N,nominal,2.0NRT,300.68,3.24,D
9.38012,80.54504,340.55,0.46,0.47,2026-10-06,0835,N,nominal,2.0NRT,301.16,1.86,D
9.48088,80.24181,340.76,0.44,0.46,2026-10-06,0835,N,nominal,2.0NRT,305.51,8.24,D
9.73691,80.25584,342.21,0.44,0.46,2026-10-06,0835,N,nominal,2.0NRT,301.75,3.06,D
9.73941,80.25539,342.78,0.44,0.46,2026-10-06,0835,N,nominal,2.0NRT,304.02,2.87,D
23.76442,86.40601,329.15,0.36,0.58,2026-10-06,0659,N,nominal,2.0NRT,294.52,3.56,D
9.75848,79.89178,332.71,0.42,0.45,2026-10-06,0835,N,nominal,2.0NRT,300.51,3.14,D
9.76266,79.8912,343.63,0.42,0.45,2026-10-06,0835,N,nominal,2.0NRT,299.75,2.34,D
9.82017,78.34545,333.36,0.51,0.41,2026-10-06,0835,N,nominal,2.0NRT,298.69,2.29,D
26.61989,101.59731,338.88,0.41,0.45,2026-10-06,0659,N,nominal,2.0NRT,288.72,3.41,D
26.32409,96.10065,331.52,0.39,0.36,2026-10-06,0659,N,nominal,2.0NRT,294.87,2.14,D
9.93996,78.16019,333.58,0.5,0.41,2026-10-06,0835,N,nominal,2.0NRT,301.93,3.54,D
25.9723,90.06287,331.03,0.4,0.44,2026-10-06,0659,N,nominal,2.0NRT,296.79,2.45,D
9.95806,78.15292,333.6,0.5,0.41,2026-10-06,0835,N,low,2.0NRT,303.71,1.24,D
9.90723,77.46474,337.17,0.46,0.39,2026-10-06,0835,N,nominal,2.0NRT,299.42,6.84,D
27.37902,95.33649,330.45,0.38,0.36,2026-10-06,0659,N,nominal,2.0NRT,294.98,1.41,D
10.34039,79.1648,342.7,0.38,0.44,2026-10-06,0835,N,nominal,2.0NRT,298.02,3.29,D
26.38731,88.82293,333.88,0.46,0.47,2026-10-06,0659,N,nominal,2.0NRT,295.3,3.54,D
10.37444,79.29422,336.87,0.39,0.44,2026-10-06,0835,N,nominal,2.0NRT,299.83,3.42,D
9.96479,76.3928,335,0.42,0.37,2026-10-06,0835,N,nominal,2.0NRT,298.4,3.57,D
10.81853,78.61309,333.92,0.54,0.42,2026-10-06,0835,N,nominal,2.0NRT,303.79,3.21,D
29.24902,91.86243,328.03,0.44,0.38,2026-10-06,0659,N,low,2.0NRT,301.55,3.92,D
11.03817,77.10335,334.79,0.46,0.39,2026-10-06,0835,N,nominal,2.0NRT,298.76,1.26,D
11.49876,79.32476,341.9,0.41,0.45,2026-10-06,0835,N,nominal,2.0NRT,297.35,3.93,D
11.65664,79.18148,341.46,0.4,0.44,2026-10-06,0835,N,nominal,2.0NRT,297.62,5.6,D
12.75175,79.73012,335.21,0.45,0.47,2026-10-06,0835,N,nominal,2.0NRT,297.85,4.36,D
13.90086,80.20213,337.39,0.5,0.49,2026-10-06,0837,N,nominal,2.0NRT,299.21,5.28,D
14.41452,79.03372,331.4,0.43,0.46,2026-10-06,0837,N,nominal,2.0NRT,299.2,1.98,D
15.20069,79.8919,330.95,0.5,0.49,2026-10-06,0837,N,nominal,2.0NRT,294.89,4.2,D
14.77322,75.41463,333.4,0.42,0.38,2026-10-06,0837,N,low,2.0NRT,305.23,2.33,D
14.86639,75.14045,332.09,0.41,0.37,2026-10-06,0837,N,nominal,2.0NRT,298.73,2.32,D
15.46085,79.30193,340.48,0.46,0.47,2026-10-06,0837,N,nominal,2.0NRT,298.69,2.59,D
15.17615,76.65781,333.49,0.48,0.4,2026-10-06,0837,N,low,2.0NRT,307.6,5.94,D
15.18105,76.66624,338.1,0.48,0.4,2026-10-06,0837,N,low,2.0NRT,308.7,6.41,D
15.39082,76.1191,342.43,0.45,0.39,2026-10-06,0837,N,nominal,2.0NRT,307.48,7.24,D
15.41117,76.0435,334.37,0.45,0.39,2026-10-06,0837,N,low,2.0NRT,308.72,1.72,D
15.32544,75.10954,330.88,0.42,0.37,2026-10-06,0837,N,low,2.0NRT,304.63,1.15,D
15.86252,78.48379,336.32,0.41,0.45,2026-10-06,0837,N,nominal,2.0NRT,304.78,3.89,D
15.59356,75.72619,337.23,0.44,0.38,2026-10-06,0837,N,low,2.0NRT,310.65,2.12,D
39.6425,99.61289,340.42,0.46,0.47,2026-10-06,0701,N,nominal,2.0NRT,309.6,3.85,D
39.72322,98.62971,331.87,0.41,0.45,2026-10-06,0701,N,nominal,2.0NRT,304.46,4.34,D
39.72277,98.6249,335.8,0.41,0.45,2026-10-06,0701,N,nominal,2.0NRT,301.57,2.7,D
39.86383,98.55063,344.78,0.41,0.45,2026-10-06,0701,N,nominal,2.0NRT,305.64,6,D
38.27385,101.80724,335.42,0.58,0.7,2026-10-06,0521,N,nominal,2.0NRT,300.02,7.53,D
38.27478,101.80441,349.81,0.58,0.7,2026-10-06,0521,N,nominal,2.0NRT,301.14,6.66,D
10.78815,99.40607,333.51,0.38,0.36,2026-10-06,0652,N,nominal,2.0NRT,297.2,2.07,D
10.90463,99.50524,330.53,0.38,0.36,2026-10-06,0652,N,low,2.0NRT,302.21,3.29,D
10.90794,99.50472,327.89,0.38,0.36,2026-10-06,0652,N,low,2.0NRT,301.3,3.29,D
22.32805,56.47204,335.86,0.74,0.76,2026-10-06,0837,N,nominal,2.0NRT,302.6,3.87,D
15.67365,75.7065,340.28,0.44,0.38,2026-10-06,0835,N,nominal,2.0NRT,311.85,3.59,D
15.70128,75.85379,338.68,0.45,0.39,2026-10-06,0835,N,low,2.0NRT,313.04,3.89,D
16.13665,78.30855,338.46,0.41,0.45,2026-10-06,0835,N,nominal,2.0NRT,301.73,3.73,D
15.65764,73.98994,330.55,0.39,0.36,2026-10-06,0835,N,nominal,2.0NRT,299.16,2.09,D
16.62658,80.19725,347.01,0.54,0.51,2026-10-06,0835,N,nominal,2.0NRT,299.32,7.85,D
16.4637,77.52975,336.45,0.55,0.43,2026-10-06,0835,N,nominal,2.0NRT,306.01,5.57,D
16.46312,77.53212,336.87,0.55,0.43,2026-10-06,0835,N,nominal,2.0NRT,306.57,4.68,D
16.93105,74.33212,334.62,0.4,0.37,2026-10-06,0835,N,nominal,2.0NRT,300.79,4.46,D
17.65667,78.95226,332.72,0.47,0.47,2026-10-06,0835,N,nominal,2.0NRT,302.59,2.25,D
17.624,77.42522,335.72,0.56,0.43,2026-10-06,0835,N,nominal,2.0NRT,302.61,4.98,D
17.62627,77.42233,335.79,0.56,0.43,2026-10-06,0835,N,nominal,2.0NRT,305.98,4.3,D
18.24322,79.04747,332.25,0.48,0.48,2026-10-06,0835,N,nominal,2.0NRT,301,4.32,D
18.7021,78.26462,336.09,0.43,0.46,2026-10-06,0835,N,nominal,2.0NRT,303.61,4.17,D
18.76503,78.31999,338.54,0.44,0.46,2026-10-06,0835,N,nominal,2.0NRT,307.08,4.78,D
18.80006,78.39254,339.61,0.44,0.46,2026-10-06,0835,N,nominal,2.0NRT,306.97,3.52,D
18.81176,78.45163,331.02,0.45,0.47,2026-10-06,0835,N,nominal,2.0NRT,304.78,2.35,D
18.80548,78.36607,330.04,0.44,0.46,2026-10-06,0835,N,low,2.0NRT,304.62,2.04,D
18.88524,78.42564,335.63,0.45,0.47,2026-10-06,0835,N,nominal,2.0NRT,305.7,3.34,D
18.79563,77.70176,335.26,0.4,0.44,2026-10-06,0835,N,low,2.0NRT,307.13,1.79,D
18.88681,77.98424,335.16,0.42,0.45,2026-10-06,0835,N,low,2.0NRT,305.32,3.72,D
18.93888,77.92441,341.85,0.42,0.45,2026-10-06,0835,N,nominal,2.0NRT,311.09,4.97,D
18.91649,77.71242,334.05,0.4,0.45,2026-10-06,0835,N,low,2.0NRT,307.22,4.11,D
18.58472,74.29473,343.34,0.41,0.37,2026-10-06,0835,N,nominal,2.0NRT,311.64,6.43,D
18.68425,73.04254,337.55,0.39,0.36,2026-10-06,0835,N,nominal,2.0NRT,304.37,6.08,D
18.68593,73.031,334.62,0.39,0.36,2026-10-06,0835,N,low,2.0NRT,305.45,3.05,D
18.6909,73.04144,343.91,0.39,0.36,2026-10-06,0835,N,nominal,2.0NRT,306.02,5.16,D
20.96643,86.00964,330.44,0.73,0.76,2026-10-06,0837,N,nominal,2.0NRT,292.25,10.47,D
20.96268,86.00727,333.67,0.73,0.76,2026-10-06,0837,N,nominal,2.0NRT,292.79,13.35,D
21.19293,81.40076,331.36,0.37,0.58,2026-10-06,0837,N,nominal,2.0NRT,296.12,2.41,D
20.63943,75.28712,346.54,0.47,0.4,2026-10-06,0837,N,nominal,2.0NRT,306.1,4.95,D
21.24977,79.20687,330.8,0.54,0.51,2026-10-06,0837,N,low,2.0NRT,303.54,5.31,D
21.74914,83.84158,328.28,0.54,0.68,2026-10-06,0837,N,nominal,2.0NRT,295.2,6.11,D
21.33634,78.9668,330.87,0.52,0.5,2026-10-06,0837,N,low,2.0NRT,305.1,6.09,D
21.33536,78.96868,334.36,0.52,0.5,2026-10-06,0837,N,low,2.0NRT,304.37,5.76,D
21.05205,75.55197,334.8,0.49,0.4,2026-10-06,0837,N,low,2.0NRT,307.1,2.2,D
21.10348,72.64604,339.13,0.39,0.36,2026-10-06,0837,N,nominal,2.0NRT,305.5,6.71,D
21.10183,72.6348,336.52,0.39,0.36,2026-10-06,0837,N,nominal,2.0NRT,305.91,8.33,D
21.10682,72.64549,347.44,0.39,0.36,2026-10-06,0837,N,nominal,2.0NRT,305.98,6.71,D
21.77886,76.45951,335.89,0.56,0.43,2026-10-06,0837,N,low,2.0NRT,306.84,3.47,D
22.1552,77.0317,332.14,0.4,0.45,2026-10-06,0837,N,low,2.0NRT,304.55,3.22,D
22.18518,77.00375,339.01,0.4,0.44,2026-10-06,0837,N,nominal,2.0NRT,307.37,6,D
22.11594,75.26002,338.01,0.49,0.4,2026-10-06,0837,N,nominal,2.0NRT,311.29,7.78,D
22.40314,77.13721,331.08,0.41,0.45,2026-10-06,0837,N,low,2.0NRT,305.65,2.17,D
22.46583,77.12049,340.07,0.41,0.45,2026-10-06,0837,N,nominal,2.0NRT,306.41,4.5,D
22.54234,77.07367,335.98,0.41,0.45,2026-10-06,0837,N,nominal,2.0NRT,305.16,2.46,D
22.01136,72.96666,332.05,0.4,0.37,2026-10-06,0837,N,low,2.0NRT,306.16,1.98,D
22.49054,75.42719,336.94,0.5,0.41,2026-10-06,0837,N,nominal,2.0NRT,310.05,2.71,D
23.13301,79.72758,331.94,0.61,0.54,2026-10-06,0837,N,nominal,2.0NRT,300.24,6.18,D
22.7987,76.80486,331.87,0.4,0.44,2026-10-06,0837,N,low,2.0NRT,302.67,4.79,D
22.61091,75.22225,342.73,0.49,0.4,2026-10-06,0837,N,nominal,2.0NRT,312.57,3.2,D
22.8372,75.92416,338.81,0.54,0.42,2026-10-06,0837,N,low,2.0NRT,311.97,3.74,D
22.81425,75.19891,334.63,0.49,0.4,2026-10-06,0837,N,low,2.0NRT,307.11,3.96,D
22.8112,75.19608,332.98,0.49,0.4,2026-10-06,0837,N,low,2.0NRT,305.13,3.45,D
23.05245,76.57999,336.78,0.39,0.44,2026-10-06,0837,N,low,2.0NRT,307.1,2.63,D
23.2461,77.46198,337.94,0.44,0.46,2026-10-06,0837,N,nominal,2.0NRT,303.42,2.17,D
23.2977,77.0565,344.39,0.42,0.45,2026-10-06,0837,N,nominal,2.0NRT,307.69,5.38,D
23.24505,76.01025,339.37,0.55,0.43,2026-10-06,0837,N,low,2.0NRT,311.12,6.71,D
23.24466,76.00783,338.85,0.55,0.43,2026-10-06,0837,N,low,2.0NRT,311.16,6.97,D
23.37871,77.0504,338.3,0.42,0.45,2026-10-06,0837,N,nominal,2.0NRT,308.64,2.36,D
22.41708,69.03851,330.49,0.42,0.38,2026-10-06,0837,N,low,2.0NRT,305.08,3.67,D
22.97833,72.56929,338.41,0.4,0.37,2026-10-06,0837,N,low,2.0NRT,310.56,3.85,D
23.34934,75.23865,338.16,0.5,0.41,2026-10-06,0837,N,low,2.0NRT,310.9,4.13,D
23.59859,75.62834,339.89,0.53,0.42,2026-10-06,0837,N,nominal,2.0NRT,312.97,5.61,D
22.9041,69.8514,336.54,0.4,0.37,2026-10-06,0837,N,low,2.0NRT,310.37,3.41,D
22.93248,69.69913,343.14,0.4,0.37,2026-10-06,0837,N,nominal,2.0NRT,312.06,3.45,D
23.12097,70.08612,343.67,0.39,0.36,2026-10-06,0837,N,nominal,2.0NRT,309.25,3,D
20.80178,57.02186,341.42,0.74,0.76,2026-10-06,0837,N,nominal,2.0NRT,303.87,1,D
24.67008,76.82352,342.64,0.42,0.45,2026-10-06,0837,N,nominal,2.0NRT,308.78,5.16,D
20.99817,56.53406,335.18,0.79,0.78,2026-10-06,0837,N,nominal,2.0NRT,302.41,3.13,D
21.31141,57.74557,335.65,0.65,0.73,2026-10-06,0837,N,nominal,2.0NRT,304.83,2.45,D
20.99928,56.53175,344.54,0.78,0.78,2026-10-06,0837,N,nominal,2.0NRT,302.82,4.54,D
24.94061,77.85954,336.51,0.49,0.49,2026-10-06,0837,N,nominal,2.0NRT,298.04,3.87,D
24.8515,76.98957,333.41,0.43,0.46,2026-10-06,0837,N,low,2.0NRT,305.94,2.73,D
24.94273,77.86137,331.02,0.49,0.49,2026-10-06,0837,N,nominal,2.0NRT,297.61,2.22,D
24.85082,76.99059,339.12,0.43,0.46,2026-10-06,0837,N,nominal,2.0NRT,306.53,4.28,D
24.82993,76.64674,336.07,0.41,0.45,2026-10-06,0837,N,low,2.0NRT,309.8,1.97,D
25.02227,76.53057,341.01,0.41,0.45,2026-10-06,0837,N,nominal,2.0NRT,310.59,1.82,D
25.02503,76.44336,338.49,0.41,0.45,2026-10-06,0837,N,nominal,2.0NRT,310.25,1.77,D
25.17403,76.16434,343.59,0.39,0.44,2026-10-06,0837,N,nominal,2.0NRT,310.46,5,D
25.20226,75.32056,337.04,0.53,0.42,2026-10-06,0837,N,nominal,2.0NRT,309.14,2.1,D
21.93498,57.07434,344.11,0.7,0.75,2026-10-06,0837,N,nominal,2.0NRT,304.94,2.99,D
21.93507,57.07263,338.73,0.69,0.75,2026-10-06,0837,N,nominal,2.0NRT,305.12,2.61,D
22.32471,56.48823,336.34,0.74,0.76,2026-10-06,0837,N,nominal,2.0NRT,302.99,4.8,D
22.32911,56.48859,341.86,0.74,0.76,2026-10-06,0837,N,nominal,2.0NRT,303.38,4.78,D
25.10534,68.41124,331.37,0.42,0.37,2026-10-06,0837,N,nominal,2.0NRT,302.98,1.63,D
25.83014,72.20473,344.2,0.4,0.37,2026-10-06,0837,N,nominal,2.0NRT,314.57,3.56,D
25.38682,68.58292,331.55,0.41,0.37,2026-10-06,0837,N,low,2.0NRT,304.52,2.59,D
25.51745,68.38057,330.65,0.41,0.37,2026-10-06,0837,N,nominal,2.0NRT,303,2.22,D
22.92746,55.80268,337.1,0.79,0.78,2026-10-06,0837,N,nominal,2.0NRT,303.61,1.03,D
26.12387,68.81721,338.19,0.4,0.37,2026-10-06,0837,N,nominal,2.0NRT,305.58,2.57,D
26.23437,68.91364,333.73,0.4,0.37,2026-10-06,0837,N,low,2.0NRT,307.76,2.4,D
26.2195,68.40431,333.69,0.41,0.37,2026-10-06,0837,N,low,2.0NRT,307.17,1.91,D
27.38377,76.56329,334.99,0.44,0.46,2026-10-06,0839,N,low,2.0NRT,309.43,1.99,D
26.3837,68.82335,338.07,0.4,0.37,2026-10-06,0839,N,nominal,2.0NRT,308.07,7.27,D
27.54055,77.51749,330.77,0.5,0.49,2026-10-06,0839,N,low,2.0NRT,301.7,2.49,D
27.88948,77.86469,332.48,0.53,0.5,2026-10-06,0839,N,nominal,2.0NRT,300.52,2.7,D
26.57279,67.85635,341.1,0.42,0.38,2026-10-06,0839,N,low,2.0NRT,313.83,10.82,D
27.98438,77.60524,334.87,0.52,0.5,2026-10-06,0839,N,nominal,2.0NRT,302.31,3.33,D
28.14511,77.54943,330.38,0.51,0.5,2026-10-06,0839,N,low,2.0NRT,301.52,5.77,D
28.2664,77.46721,333.4,0.51,0.49,2026-10-06,0839,N,nominal,2.0NRT,301.72,1.95,D
27.47767,70.68176,349.24,0.39,0.36,2026-10-06,0839,N,nominal,2.0NRT,314.74,5.12,D
27.66521,69.66973,340.77,0.38,0.36,2026-10-06,0839,N,low,2.0NRT,313.44,3.32,D
27.66851,69.66909,337.92,0.38,0.36,2026-10-06,0839,N,low,2.0NRT,311.66,3.32,D
26.34185,61.67104,345.6,0.59,0.53,2026-10-06,0839,N,nominal,2.0NRT,313.83,11.38,D
28.05212,69.36981,335.87,0.39,0.36,2026-10-06,0839,N,nominal,2.0NRT,308.43,3.4,D
28.42605,69.70229,332.52,0.38,0.36,2026-10-06,0839,N,low,2.0NRT,306.41,2.5,D
29.21368,75.73923,335.62,0.42,0.45,2026-10-06,0839,N,nominal,2.0NRT,310.34,2.09,D
29.27073,76.03911,335.01,0.43,0.46,2026-10-06,0839,N,nominal,2.0NRT,303.8,1.83,D
28.97832,71.05644,333.14,0.4,0.37,2026-10-06,0839,N,low,2.0NRT,307.48,2.2,D
29.08788,70.29726,336.87,0.39,0.36,2026-10-06,0839,N,nominal,2.0NRT,305.36,1.86,D
29.79259,72.76743,332.2,0.45,0.39,2026-10-06,0839,N,nominal,2.0NRT,306.6,1.52,D
30.01751,73.13471,338.37,0.47,0.4,2026-10-06,0839,N,nominal,2.0NRT,306.92,13.24,D
30.02116,73.13412,332.17,0.47,0.4,2026-10-06,0839,N,nominal,2.0NRT,303.95,3.38,D
30.07554,73.2406,333.87,0.48,0.4,2026-10-06,0839,N,low,2.0NRT,305.55,7.67,D
30.10102,73.38396,337.61,0.48,0.4,2026-10-06,0839,N,nominal,2.0NRT,305.68,4.33,D
30.18377,73.49158,341.21,0.49,0.4,2026-10-06,0839,N,nominal,2.0NRT,306.47,7.07,D
30.18315,73.48647,332.85,0.49,0.4,2026-10-06,0839,N,nominal,2.0NRT,304.98,3.11,D
30.18749,73.49098,341.08,0.49,0.4,2026-10-06,0839,N,nominal,2.0NRT,303.48,6.14,D
30.1943,73.4847,342.74,0.49,0.4,2026-10-06,0839,N,nominal,2.0NRT,304.4,5.3,D
30.22309,73.30235,342.32,0.48,0.4,2026-10-06,0839,N,nominal,2.0NRT,308.33,28.82,D
30.28694,73.2716,336.23,0.48,0.4,2026-10-06,0839,N,nominal,2.0NRT,306.96,9.46,D
30.28632,73.26661,332.22,0.48,0.4,2026-10-06,0839,N,low,2.0NRT,305.56,6.71,D
30.29062,73.271,334.63,0.48,0.4,2026-10-06,0839,N,nominal,2.0NRT,304.96,5.02,D
30.29,73.26601,335.94,0.48,0.4,2026-10-06,0839,N,nominal,2.0NRT,306.24,4.24,D
30.40326,73.62562,335.98,0.5,0.41,2026-10-06,0839,N,nominal,2.0NRT,305.3,4.04,D
30.40701,73.62502,332.54,0.5,0.41,2026-10-06,0839,N,nominal,2.0NRT,304.73,4.04,D
30.3795,73.24425,334.15,0.48,0.4,2026-10-06,0839,N,nominal,2.0NRT,302.32,4,D
30.38318,73.24366,338.95,0.48,0.4,2026-10-06,0839,N,nominal,2.0NRT,301.07,4,D
30.42192,73.5275,330.98,0.49,0.41,2026-10-06,0839,N,nominal,2.0NRT,302.84,2.61,D
27.16784,56.05239,340.22,0.61,0.71,2026-10-06,0839,N,nominal,2.0NRT,304.97,3.87,D
30.65214,74.15348,344.13,0.53,0.42,2026-10-06,0839,N,nominal,2.0NRT,307.08,4.91,D
30.62138,73.72009,343.11,0.51,0.41,2026-10-06,0839,N,nominal,2.0NRT,304.61,5.26,D
30.64791,73.91291,331.9,0.52,0.41,2026-10-06,0839,N,nominal,2.0NRT,303.41,3.57,D
30.45206,72.32202,330.72,0.44,0.38,2026-10-06,0839,N,nominal,2.0NRT,301.68,2.01,D
30.68441,74.19419,333.25,0.54,0.42,2026-10-06,0839,N,low,2.0NRT,304.56,2.28,D
30.66379,73.84978,333.8,0.52,0.41,2026-10-06,0839,N,nominal,2.0NRT,303.71,3.89,D
30.68691,74.01266,335.26,0.53,0.42,2026-10-06,0839,N,nominal,2.0NRT,305.4,3.66,D
30.66888,73.85999,338.89,0.52,0.41,2026-10-06,0839,N,nominal,2.0NRT,304.25,3.82,D
30.49711,72.41808,343.22,0.45,0.39,2026-10-06,0839,N,nominal,2.0NRT,303.2,11.23,D
30.73346,74.14104,337.73,0.53,0.42,2026-10-06,0839,N,nominal,2.0NRT,303.13,4.78,D
30.59483,72.79923,334.92,0.46,0.39,2026-10-06,0839,N,nominal,2.0NRT,300.07,2.88,D
30.75315,73.8942,331.01,0.52,0.41,2026-10-06,0839,N,nominal,2.0NRT,304.36,2.41,D
30.7608,73.85982,334.91,0.52,0.41,2026-10-06,0839,N,nominal,2.0NRT,305.51,8.38,D
30.71722,73.49355,335.05,0.5,0.41,2026-10-06,0839,N,nominal,2.0NRT,302.51,2.72,D
30.73982,73.61801,339.33,0.5,0.41,2026-10-06,0839,N,nominal,2.0NRT,304.71,4.03,D
30.35311,70.62321,334.89,0.4,0.37,2026-10-06,0839,N,nominal,2.0NRT,300.64,1.76,D
30.82171,74.01204,330.73,0.53,0.42,2026-10-06,0839,N,nominal,2.0NRT,303.96,2.2,D
30.82011,73.90045,336.78,0.52,0.42,2026-10-06,0839,N,nominal,2.0NRT,305.8,4.85,D
30.82525,73.91078,334.76,0.52,0.42,2026-10-06,0839,N,nominal,2.0NRT,304.04,2.53,D
30.8225,74.00943,332.73,0.53,0.42,2026-10-06,0839,N,nominal,2.0NRT,303.78,1.7,D
30.82153,73.89767,343.74,0.52,0.42,2026-10-06,0839,N,nominal,2.0NRT,305.29,5.13,D
30.82661,73.90801,335.2,0.52,0.42,2026-10-06,0839,N,nominal,2.0NRT,304.83,2.72,D
30.83362,73.35085,331.03,0.49,0.4,2026-10-06,0839,N,low,2.0NRT,301.82,2.08,D
30.94243,74.19633,339.72,0.54,0.42,2026-10-06,0839,N,nominal,2.0NRT,303.54,14.83,D
31.00138,74.43867,331.09,0.56,0.43,2026-10-06,0839,N,nominal,2.0NRT,300.82,3.07,D
30.91586,73.6507,349.27,0.51,0.41,2026-10-06,0839,N,nominal,2.0NRT,303.12,10.32,D
31.00928,74.43749,337.94,0.56,0.43,2026-10-06,0839,N,nominal,2.0NRT,299.76,7.61,D
30.98674,74.20007,333.81,0.54,0.42,2026-10-06,0839,N,nominal,2.0NRT,302.62,2.7,D
31.00623,74.19711,330.41,0.54,0.42,2026-10-06,0839,N,low,2.0NRT,301.34,4.41,D
31.06875,74.60944,335.61,0.57,0.43,2026-10-06,0839,N,nominal,2.0NRT,301.24,2.62,D
31.02638,74.19984,334.48,0.54,0.42,2026-10-06,0839,N,nominal,2.0NRT,301.42,4.41,D
31.09405,74.61792,332.85,0.57,0.43,2026-10-06,0839,N,nominal,2.0NRT,300.95,7.03,D
31.09337,74.61192,336.56,0.57,0.43,2026-10-06,0839,N,nominal,2.0NRT,301.34,7.03,D
30.97746,73.55453,330.06,0.5,0.41,2026-10-06,0839,N,nominal,2.0NRT,303.28,2.54,D
31.11654,74.67284,335.83,0.38,0.43,2026-10-06,0839,N,nominal,2.0NRT,300.58,2.77,D
31.11277,74.63963,343.35,0.57,0.43,2026-10-06,0839,N,nominal,2.0NRT,302.38,11.66,D
31.11736,74.67262,335.75,0.38,0.43,2026-10-06,0839,N,nominal,2.0NRT,299.51,3.51,D
31.11358,74.63733,339.29,0.57,0.43,2026-10-06,0839,N,nominal,2.0NRT,302.45,12.01,D
30.06094,66.98631,342.35,0.42,0.37,2026-10-06,0839,N,nominal,2.0NRT,311.12,2.53,D
31.27839,75.20634,337.88,0.41,0.45,2026-10-06,0839,N,nominal,2.0NRT,298.24,2.39,D
30.93105,71.83764,346.7,0.43,0.38,2026-10-06,0839,N,nominal,2.0NRT,300.49,8.55,D
31.35241,74.86799,336.92,0.39,0.44,2026-10-06,0839,N,nominal,2.0NRT,300.18,3.72,D
31.35176,74.86839,339.18,0.39,0.44,2026-10-06,0839,N,nominal,2.0NRT,300.59,3.75,D
30.92204,70.75249,332.23,0.4,0.37,2026-10-06,0839,N,low,2.0NRT,302.56,3.1,D
31.52016,75.01768,355.36,0.4,0.45,2026-10-06,0839,N,nominal,2.0NRT,299.69,12.81,D
31.47536,74.60108,341.73,0.38,0.43,2026-10-06,0839,N,nominal,2.0NRT,300.9,3.62,D
31.48293,74.59584,355.35,0.38,0.43,2026-10-06,0839,N,nominal,2.0NRT,303.21,14.06,D
31.48694,74.59525,367,0.38,0.43,2026-10-06,0839,N,high,2.0NRT,299.57,8.97,D
31.06773,70.74416,343.71,0.4,0.37,2026-10-06,0839,N,nominal,2.0NRT,301.23,4.75,D
31.48992,73.91682,349.43,0.53,0.42,2026-10-06,0839,N,nominal,2.0NRT,303.72,13.93,D
31.49378,73.91621,348.75,0.53,0.42,2026-10-06,0839,N,nominal,2.0NRT,305.87,29.8,D
31.58586,74.02669,331.27,0.54,0.42,2026-10-06,0839,N,nominal,2.0NRT,299.92,3.25,D
31.73294,75.0106,341.2,0.41,0.45,2026-10-06,0839,N,nominal,2.0NRT,298.47,3.9,D
31.43434,72.4287,332.96,0.45,0.39,2026-10-06,0839,N,nominal,2.0NRT,299.42,3.1,D
31.67409,74.03639,330.31,0.54,0.42,2026-10-06,0839,N,nominal,2.0NRT,299.77,2.73,D
31.63938,73.03736,335.75,0.48,0.4,2026-10-06,0839,N,nominal,2.0NRT,297.68,4.16,D
31.80901,74.07183,341.92,0.54,0.42,2026-10-06,0839,N,nominal,2.0NRT,300.48,27.08,D
31.80934,74.07582,334.46,0.55,0.42,2026-10-06,0839,N,nominal,2.0NRT,297.5,33.51,D
31.78017,73.81384,330.09,0.53,0.42,2026-10-06,0839,N,nominal,2.0NRT,299.27,2.79,D
31.76161,73.31754,330.91,0.5,0.41,2026-10-06,0839,N,nominal,2.0NRT,299.84,4.17,D
31.64218,72.25535,332.82,0.45,0.39,2026-10-06,0839,N,nominal,2.0NRT,300.62,2.23,D
31.85556,73.95758,334.15,0.54,0.42,2026-10-06,0839,N,nominal,2.0NRT,297.79,3.47,D
31.79052,73.39968,330.73,0.51,0.41,2026-10-06,0839,N,nominal,2.0NRT,301.15,2.08,D
31.84039,73.691,330.47,0.52,0.42,2026-10-06,0839,N,nominal,2.0NRT,298.71,2.76,D
31.88989,73.9465,334.18,0.54,0.42,2026-10-06,0839,N,nominal,2.0NRT,298.55,7.62,D
31.90881,74.11852,336.04,0.55,0.43,2026-10-06,0839,N,nominal,2.0NRT,296.87,5.51,D
31.8898,73.94518,343.75,0.54,0.42,2026-10-06,0839,N,nominal,2.0NRT,298.32,7.69,D
31.92219,73.95182,332.61,0.54,0.42,2026-10-06,0839,N,nominal,2.0NRT,297.03,4.38,D
31.94484,73.83834,341.85,0.53,0.42,2026-10-06,0839,N,nominal,2.0NRT,298.11,7,D
31.77516,72.31283,336.3,0.45,0.39,2026-10-06,0839,N,nominal,2.0NRT,301.61,7.53,D
31.96025,73.8015,335.9,0.53,0.42,2026-10-06,0839,N,nominal,2.0NRT,298.38,5.33,D
31.98179,73.91937,334.29,0.54,0.42,2026-10-06,0839,N,nominal,2.0NRT,298.18,4.19,D
31.96535,73.77782,339.46,0.53,0.42,2026-10-06,0839,N,nominal,2.0NRT,298.88,5.6,D
31.99288,73.94677,336.63,0.54,0.42,2026-10-06,0839,N,nominal,2.0NRT,300.04,9.15,D
31.99308,73.94478,337.09,0.54,0.42,2026-10-06,0839,N,nominal,2.0NRT,299.71,9.92,D
31.97902,73.64298,346.39,0.52,0.42,2026-10-06,0839,N,nominal,2.0NRT,300.61,10.53,D
31.99624,73.6572,331.14,0.52,0.42,2026-10-06,0839,N,nominal,2.0NRT,299.54,3.81,D
32.00011,73.52202,334.41,0.51,0.41,2026-10-06,0839,N,nominal,2.0NRT,298.23,4.46,D
31.85889,72.32497,333.27,0.45,0.39,2026-10-06,0839,N,nominal,2.0NRT,296.56,1.29,D
32.02042,73.52993,334.36,0.52,0.41,2026-10-06,0839,N,nominal,2.0NRT,299.7,3.53,D
32.04376,73.46513,342.95,0.51,0.41,2026-10-06,0839,N,nominal,2.0NRT,298.94,8.28,D
31.97413,72.89162,335.74,0.48,0.4,2026-10-06,0839,N,nominal,2.0NRT,299.22,6.72,D
32.13754,73.82125,330.05,0.53,0.42,2026-10-06,0839,N,nominal,2.0NRT,296.81,2.11,D
32.20793,73.81612,337.84,0.53,0.42,2026-10-06,0839,N,nominal,2.0NRT,299.62,6.4,D
32.20852,73.814,347.8,0.53,0.42,2026-10-06,0839,N,nominal,2.0NRT,301.48,6.62,D
32.2124,73.8134,334.12,0.53,0.42,2026-10-06,0839,N,nominal,2.0NRT,299.04,6.62,D
32.222,73.86423,341.18,0.54,0.42,2026-10-06,0839,N,nominal,2.0NRT,298.69,8.64,D
32.22589,73.86363,341.37,0.54,0.42,2026-10-06,0839,N,nominal,2.0NRT,298.51,8.64,D
32.23875,73.9437,337.87,0.54,0.42,2026-10-06,0839,N,nominal,2.0NRT,300.3,8.49,D
32.23826,73.69421,341.38,0.53,0.42,2026-10-06,0839,N,nominal,2.0NRT,298.07,8.11,D
32.24211,73.6936,343.74,0.53,0.42,2026-10-06,0839,N,nominal,2.0NRT,300.28,31.85,D
32.26995,73.86848,347.89,0.54,0.42,2026-10-06,0839,N,nominal,2.0NRT,300.35,9.91,D
32.26929,73.86274,333.5,0.54,0.42,2026-10-06,0839,N,nominal,2.0NRT,298.93,9.91,D
32.18934,72.7724,335.49,0.48,0.4,2026-10-06,0839,N,nominal,2.0NRT,299.06,2.06,D
28.95912,54.02169,331.1,0.72,0.75,2026-10-06,0839,N,low,2.0NRT,304.12,2.88,D
34.50639,63.89753,335.13,0.48,0.4,2026-10-06,0841,N,nominal,2.0NRT,305.36,1.79,D
34.50995,63.89902,331.43,0.48,0.4,2026-10-06,0841,N,low,2.0NRT,303.8,3.17,D
36.53955,60.79761,354.52,0.4,0.45,2026-10-06,0841,N,nominal,2.0NRT,308.77,9.75,D
36.5584,60.80556,342.89,0.4,0.45,2026-10-06,0841,N,nominal,2.0NRT,310.8,3.77,D
36.56243,60.80434,342.61,0.4,0.45,2026-10-06,0841,N,nominal,2.0NRT,307.35,3.77,D
37.64116,65.94109,347.54,0.39,0.36,2026-10-06,0841,N,nominal,2.0NRT,305.68,4.55,D
37.03151,62.41611,339.48,0.5,0.41,2026-10-06,0841,N,nominal,2.0NRT,308.05,5.25,D
37.96603,65.00552,331.76,0.4,0.37,2026-10-06,0841,N,nominal,2.0NRT,305.23,1.64,D
37.79944,60.63348,338.23,0.39,0.44,2026-10-06,0841,N,nominal,2.0NRT,302.86,2.94,D
38.6904,64.91689,335.57,0.4,0.37,2026-10-06,0841,N,low,2.0NRT,306.99,1.11,D
37.90038,60.34838,347.69,0.4,0.44,2026-10-06,0841,N,nominal,2.0NRT,304.67,4.92,D
39.00805,64.24474,341.15,0.41,0.37,2026-10-06,0841,N,nominal,2.0NRT,311.13,3.64,D
39.00809,63.74849,332.68,0.42,0.38,2026-10-06,0841,N,nominal,2.0NRT,300.42,11.05,D
38.64799,54.2849,337.38,0.39,0.59,2026-10-06,0843,N,nominal,2.0NRT,299.44,3.93,D
38.64681,54.28055,337.58,0.39,0.59,2026-10-06,0843,N,nominal,2.0NRT,298.72,2.58,D
38.67953,54.31472,338.41,0.39,0.59,2026-10-06,0843,N,nominal,2.0NRT,299.9,2.08,D
18.01137,54.57353,337.65,0.55,0.51,2026-10-06,1017,N,low,2.0NRT,311.51,2.44,D
19.26702,56.17466,337.95,0.36,0.57,2026-10-06,1017,N,low,2.0NRT,308.65,1.17,D
20.2099,55.71312,338.32,0.34,0.56,2026-10-06,1017,N,low,2.0NRT,310.01,1.2,D
20.22358,55.74203,342.61,0.35,0.56,2026-10-06,1017,N,nominal,2.0NRT,309.81,1.27,D
20.22344,55.74348,336.67,0.35,0.56,2026-10-06,1017,N,low,2.0NRT,309.21,1.74,D
20.39024,55.66251,339.7,0.34,0.56,2026-10-06,1017,N,low,2.0NRT,310.62,1.61,D
21.00197,56.53526,342.62,0.4,0.6,2026-10-06,1017,N,nominal,2.0NRT,308.85,4.92,D
21.00159,56.53136,353.53,0.4,0.6,2026-10-06,1017,N,nominal,2.0NRT,310.2,4.15,D
21.31344,57.74359,336.58,0.48,0.65,2026-10-06,1017,N,low,2.0NRT,306.85,2.96,D
21.93759,57.07396,347.34,0.44,0.63,2026-10-06,1017,N,nominal,2.0NRT,310.22,2.26,D
21.93734,57.07263,347.05,0.44,0.63,2026-10-06,1017,N,nominal,2.0NRT,310.5,2.06,D
22.29382,56.5267,355.48,0.41,0.61,2026-10-06,1019,N,nominal,2.0NRT,307.67,4.91,D
22.31807,56.47911,335.7,0.41,0.61,2026-10-06,1019,N,low,2.0NRT,307.6,1.34,D
22.32483,56.4912,338.37,0.41,0.61,2026-10-06,1019,N,nominal,2.0NRT,307.87,1.3,D
22.32864,56.47024,342.82,0.41,0.61,2026-10-06,1019,N,nominal,2.0NRT,308.39,3.98,D
22.40378,56.98868,342.25,0.44,0.63,2026-10-06,1019,N,nominal,2.0NRT,307.48,2.31,D
22.44286,56.70185,340.59,0.42,0.61,2026-10-06,1019,N,nominal,2.0NRT,307.59,3.78,D
22.8789,55.92973,349.73,0.38,0.59,2026-10-06,1019,N,nominal,2.0NRT,312.33,1.68,D
22.87854,55.92593,341.87,0.38,0.59,2026-10-06,1019,N,low,2.0NRT,313.18,1.68,D
22.87971,55.92917,353.64,0.38,0.59,2026-10-06,1019,N,nominal,2.0NRT,312.62,1.96,D
22.87937,55.92537,342.16,0.38,0.59,2026-10-06,1019,N,low,2.0NRT,313.56,1.96,D
22.8732,55.61569,344.84,0.37,0.58,2026-10-06,1019,N,nominal,2.0NRT,313.55,1.38,D
22.92364,55.80688,338.42,0.38,0.58,2026-10-06,1019,N,low,2.0NRT,310.6,3.76,D
22.92329,55.80315,341.83,0.38,0.58,2026-10-06,1019,N,nominal,2.0NRT,311.78,1.65,D
22.92873,55.80259,342.49,0.38,0.58,2026-10-06,1019,N,nominal,2.0NRT,310.24,1.65,D
24.5045,56.60556,338.78,0.44,0.62,2026-10-06,1019,N,nominal,2.0NRT,304.85,3.37,D
24.50392,56.60566,340.68,0.44,0.62,2026-10-06,1019,N,nominal,2.0NRT,305.04,4.45,D
24.51169,54.02131,340.4,0.6,0.53,2026-10-06,1019,N,nominal,2.0NRT,302.05,7.26,D
24.50765,54.02082,341.29,0.61,0.53,2026-10-06,1019,N,nominal,2.0NRT,302.21,4.49,D
27.17052,56.05942,336.69,0.43,0.62,2026-10-06,1019,N,low,2.0NRT,308.36,1.83,D
27.17018,56.05492,338.85,0.43,0.62,2026-10-06,1019,N,nominal,2.0NRT,308.17,1.83,D
27.45282,56.71591,335.07,0.48,0.65,2026-10-06,1019,N,low,2.0NRT,306.95,1.67,D
38.64727,54.28467,336.63,0.43,0.62,2026-10-06,1024,N,nominal,2.0NRT,297.73,3.11,D
25.54485,91.23734,297.79,0.44,0.46,2026-10-06,1923,N,nominal,2.0NRT,285.73,0.52,N
25.54057,91.23676,310,0.44,0.46,2026-10-06,1923,N,nominal,2.0NRT,285.75,0.52,N
24.64007,91.66116,306.67,0.41,0.45,2026-10-06,1923,N,nominal,2.0NRT,294,0.8,N
24.27894,91.38548,315.54,0.42,0.45,2026-10-06,1923,N,nominal,2.0NRT,293.31,1.4,N
24.25853,91.37836,325.16,0.42,0.45,2026-10-06,1923,N,nominal,2.0NRT,292.75,1.77,N
24.20548,82.71104,300.04,0.72,0.76,2026-10-06,1923,N,nominal,2.0NRT,287.82,2.19,N
24.14765,82.65565,304.96,0.72,0.76,2026-10-06,1923,N,nominal,2.0NRT,287.89,1.24,N
24.1445,82.6544,302.72,0.72,0.76,2026-10-06,1923,N,nominal,2.0NRT,287.82,0.95,N
23.83901,84.94794,302.59,0.52,0.67,2026-10-06,1923,N,nominal,2.0NRT,285.34,0.79,N
22.35408,96.70377,302.53,0.38,0.36,2026-10-06,1923,N,nominal,2.0NRT,288.24,0.64,N
23.56051,87.23902,301.43,0.37,0.58,2026-10-06,1923,N,nominal,2.0NRT,284.36,1.6,N
23.652,85.43527,302.23,0.48,0.65,2026-10-06,1923,N,nominal,2.0NRT,285.92,2.22,N
23.65161,85.44003,301.49,0.48,0.65,2026-10-06,1923,N,nominal,2.0NRT,285.85,1.07,N
23.48336,87.36304,302.31,0.36,0.58,2026-10-06,1923,N,nominal,2.0NRT,289.06,0.88,N
23.64557,85.43929,309.15,0.48,0.65,2026-10-06,1923,N,nominal,2.0NRT,285.79,1.07,N
23.668,84.99822,301.35,0.51,0.66,2026-10-06,1923,N,nominal,2.0NRT,285.78,1.14,N
23.60828,85.67571,300.08,0.47,0.64,2026-10-06,1923,N,nominal,2.0NRT,286.53,0.4,N
23.66949,84.9972,300.21,0.51,0.66,2026-10-06,1923,N,nominal,2.0NRT,285.72,2.05,N
21.80364,97.22277,301.5,0.39,0.36,2026-10-06,1925,N,nominal,2.0NRT,288.74,0.35,N
21.57789,96.23577,310.15,0.39,0.36,2026-10-06,1925,N,nominal,2.0NRT,292.03,2.87,N
21.18812,98.44528,315.06,0.41,0.37,2026-10-06,1925,N,nominal,2.0NRT,289.43,0.86,N
22.80274,86.08913,301.57,0.43,0.62,2026-10-06,1925,N,nominal,2.0NRT,286.79,1.03,N
22.6083,85.91191,303.49,0.44,0.62,2026-10-06,1925,N,nominal,2.0NRT,288.26,0.88,N
22.59127,85.90566,301.95,0.44,0.62,2026-10-06,1925,N,nominal,2.0NRT,287.92,1.05,N
22.5746,85.89516,307.37,0.44,0.62,2026-10-06,1925,N,nominal,2.0NRT,288.47,1.95,N
22.36399,87.29997,313.88,0.35,0.57,2026-10-06,1925,N,nominal,2.0NRT,289.36,2.1,N
22.24411,87.38899,305.64,0.35,0.57,2026-10-06,1925,N,nominal,2.0NRT,290.52,0.56,N
22.05674,88.12496,312.2,0.62,0.54,2026-10-06,1925,N,nominal,2.0NRT,292.01,6.28,N
22.20671,84.54934,301.34,0.53,0.67,2026-10-06,1925,N,nominal,2.0NRT,289.56,0.58,N
22.13311,85.38271,300.66,0.47,0.64,2026-10-06,1925,N,nominal,2.0NRT,287.62,0.5,N
22.32157,82.59444,302.04,0.7,0.75,2026-10-06,1925,N,nominal,2.0NRT,287.22,1.68,N
22.06407,83.70374,300.45,0.6,0.7,2026-10-06,1925,N,nominal,2.0NRT,287.74,0.66,N
21.92862,85.2227,307.96,0.48,0.64,2026-10-06,1925,N,nominal,2.0NRT,287.88,1.99,N
21.92261,85.22202,299.91,0.48,0.64,2026-10-06,1925,N,nominal,2.0NRT,287.43,0.98,N
22.04194,83.73161,303.09,0.59,0.7,2026-10-06,1925,N,nominal,2.0NRT,288.27,2.01,N
22.03804,83.34885,303.99,0.63,0.72,2026-10-06,1925,N,nominal,2.0NRT,287.6,1.98,N
22.03757,83.35512,301.42,0.63,0.72,2026-10-06,1925,N,nominal,2.0NRT,287.75,2.83,N
21.92039,83.35051,310.33,0.63,0.72,2026-10-06,1925,N,nominal,2.0NRT,288.63,2.08,N
21.8393,83.98091,301.22,0.57,0.69,2026-10-06,1925,N,nominal,2.0NRT,288.6,0.82,N
21.82505,83.99673,302.52,0.57,0.69,2026-10-06,1925,N,nominal,2.0NRT,288.69,0.79,N
21.92401,83.35111,306.27,0.62,0.72,2026-10-06,1925,N,nominal,2.0NRT,288.07,3.65,N
21.82452,83.99638,304.27,0.57,0.69,2026-10-06,1925,N,nominal,2.0NRT,289,0.74,N
21.77053,84.01962,307.86,0.57,0.69,2026-10-06,1925,N,nominal,2.0NRT,289.45,1.63,N
21.76408,84.01898,306.49,0.57,0.69,2026-10-06,1925,N,nominal,2.0NRT,289.84,3.24,N
21.75718,84.02401,308.16,0.56,0.69,2026-10-06,1925,N,nominal,2.0NRT,289.5,1.91,N
21.76419,83.8513,302.13,0.58,0.7,2026-10-06,1925,N,nominal,2.0NRT,288.46,1.51,N
21.76405,84.01621,301.8,0.56,0.69,2026-10-06,1925,N,nominal,2.0NRT,289.39,1.9,N
21.75711,84.02126,304.95,0.56,0.69,2026-10-06,1925,N,nominal,2.0NRT,289.61,1.9,N
21.76522,83.84892,301.43,0.58,0.7,2026-10-06,1925,N,nominal,2.0NRT,288.79,1.41,N
21.7587,83.84834,310.54,0.58,0.7,2026-10-06,1925,N,nominal,2.0NRT,288.28,1.41,N
21.67791,84.03579,303.7,0.56,0.69,2026-10-06,1925,N,nominal,2.0NRT,289.21,2.23,N
21.80346,82.04029,299.88,0.75,0.77,2026-10-06,1925,N,nominal,2.0NRT,287.29,0.61,N
21.67551,82.07746,302.57,0.75,0.77,2026-10-06,1925,N,nominal,2.0NRT,288.31,1.51,N
21.37864,81.67988,300.54,0.78,0.78,2026-10-06,1925,N,nominal,2.0NRT,286.85,0.95,N
21.00061,86.01163,309.95,0.41,0.61,2026-10-06,1925,N,nominal,2.0NRT,290.57,1.04,N
21.0802,85.03592,323.85,0.48,0.65,2026-10-06,1925,N,nominal,2.0NRT,292.18,1.96,N
21.07977,85.04068,303.36,0.48,0.65,2026-10-06,1925,N,nominal,2.0NRT,291.65,1.96,N
20.9711,86.02045,305.91,0.41,0.61,2026-10-06,1925,N,nominal,2.0NRT,290.24,1.39,N
20.96696,86.00367,304.64,0.41,0.61,2026-10-06,1925,N,nominal,2.0NRT,290.95,2.31,N
20.9662,86.01175,305.78,0.41,0.61,2026-10-06,1925,N,nominal,2.0NRT,290.85,2.19,N
20.95179,86.04297,315.79,0.41,0.61,2026-10-06,1925,N,nominal,2.0NRT,290.41,2.46,N
20.95141,86.047,312.99,0.41,0.61,2026-10-06,1925,N,nominal,2.0NRT,290.33,2.21,N
20.97524,85.17037,307.38,0.47,0.64,2026-10-06,1925,N,nominal,2.0NRT,292.6,1.6,N
20.96926,85.16982,306.48,0.47,0.64,2026-10-06,1925,N,nominal,2.0NRT,293.28,1.42,N
20.96883,85.17449,309.33,0.47,0.64,2026-10-06,1925,N,nominal,2.0NRT,293.17,1.42,N
20.9684,85.17918,307.6,0.47,0.64,2026-10-06,1925,N,nominal,2.0NRT,292.64,4.12,N
20.9637,85.1646,306.62,0.47,0.64,2026-10-06,1925,N,nominal,2.0NRT,293.13,3.31,N
20.96327,85.16928,308.2,0.47,0.64,2026-10-06,1925,N,nominal,2.0NRT,293.19,1.42,N
20.96285,85.17391,311.46,0.47,0.64,2026-10-06,1925,N,nominal,2.0NRT,293.03,1.42,N
20.96158,85.18769,309.2,0.47,0.64,2026-10-06,1925,N,nominal,2.0NRT,292.83,2.26,N
20.88737,84.98013,315.39,0.48,0.65,2026-10-06,1925,N,nominal,2.0NRT,292.12,2.22,N
20.86235,84.9871,305.36,0.48,0.65,2026-10-06,1925,N,nominal,2.0NRT,291.99,2.05,N
20.80791,85.25596,313.41,0.46,0.64,2026-10-06,1925,N,nominal,2.0NRT,293.69,2.08,N
20.79603,85.25485,321.58,0.46,0.64,2026-10-06,1925,N,nominal,2.0NRT,293.16,2.34,N
20.7897,85.25859,312.71,0.46,0.64,2026-10-06,1925,N,nominal,2.0NRT,293.19,2.34,N
20.78931,85.26306,304.93,0.46,0.64,2026-10-06,1925,N,nominal,2.0NRT,293.02,1.71,N
20.78378,85.25785,303.6,0.46,0.64,2026-10-06,1925,N,nominal,2.0NRT,292.73,1.17,N
20.78338,85.26235,303.8,0.46,0.64,2026-10-06,1925,N,nominal,2.0NRT,292.88,0.74,N
20.78298,85.26686,304.79,0.46,0.64,2026-10-06,1925,N,nominal,2.0NRT,292.33,0.74,N
20.80509,85.25482,308.59,0.46,0.64,2026-10-06,1925,N,nominal,2.0NRT,293.06,2.3,N
20.79322,85.25362,330.24,0.46,0.64,2026-10-06,1925,N,nominal,2.0NRT,293.27,4.02,N
20.78686,85.25739,309.22,0.46,0.64,2026-10-06,1925,N,nominal,2.0NRT,293.17,1.71,N
20.78643,85.26189,309.96,0.46,0.64,2026-10-06,1925,N,nominal,2.0NRT,293.47,1.71,N
20.786,85.2664,314.53,0.46,0.63,2026-10-06,1925,N,nominal,2.0NRT,293.33,1.67,N
20.75973,85.29106,305.78,0.46,0.63,2026-10-06,1925,N,nominal,2.0NRT,292.85,1.49,N
20.75928,85.29575,314.39,0.46,0.63,2026-10-06,1925,N,nominal,2.0NRT,293.51,1.49,N
17.61192,83.20389,306.88,0.57,0.69,2026-10-06,1925,N,nominal,2.0NRT,291.04,1.85,N
14.65012,101.04121,308.43,0.44,0.46,2026-10-06,1925,N,nominal,2.0NRT,288.9,1.2,N
39.86083,98.25645,307.04,0.44,0.39,2026-10-06,1919,N,nominal,2.0NRT,282.49,0.97,N
39.84401,98.27422,325.19,0.44,0.39,2026-10-06,1919,N,nominal,2.0NRT,279.7,2.35,N
39.82564,98.27567,297.5,0.44,0.39,2026-10-06,1919,N,nominal,2.0NRT,283.36,0.71,N
39.82249,98.24316,301.03,0.44,0.39,2026-10-06,1919,N,nominal,2.0NRT,282.22,0.91,N
39.81174,98.29922,328.2,0.44,0.39,2026-10-06,1919,N,nominal,2.0NRT,286.69,3.84,N
39.8124,98.29408,304.29,0.44,0.39,2026-10-06,1919,N,nominal,2.0NRT,286.57,1.78,N
39.80652,98.34034,295.14,0.44,0.38,2026-10-06,1919,N,nominal,2.0NRT,281.58,0.62,N
39.79265,97.88538,296.92,0.46,0.39,2026-10-06,1919,N,nominal,2.0NRT,282.48,1.34,N
39.79198,97.89068,296.15,0.46,0.39,2026-10-06,1919,N,nominal,2.0NRT,282.18,1.26,N
38.91426,100.65134,307.99,0.39,0.36,2026-10-06,1919,N,nominal,2.0NRT,278.64,0.94,N
38.82487,101.02176,307.97,0.39,0.36,2026-10-06,1919,N,nominal,2.0NRT,277.11,0.92,N
38.74049,101.1694,319.61,0.38,0.36,2026-10-06,1919,N,nominal,2.0NRT,277.18,1.79,N
38.41764,101.14815,326.31,0.38,0.36,2026-10-06,1919,N,nominal,2.0NRT,277.02,1.73,N
38.41436,101.14732,304.11,0.38,0.36,2026-10-06,1919,N,nominal,2.0NRT,275.86,0.63,N
36.89263,101.75111,295.53,0.39,0.36,2026-10-06,1919,N,nominal,2.0NRT,279.99,0.87,N
36.59206,101.48781,305.81,0.39,0.36,2026-10-06,1919,N,nominal,2.0NRT,279.02,1.57,N
36.56926,101.5284,297.1,0.39,0.36,2026-10-06,1919,N,nominal,2.0NRT,278.28,1.53,N
36.44075,101.60441,296.59,0.39,0.36,2026-10-06,1919,N,nominal,2.0NRT,275.71,0.94,N
29.78864,91.60486,296.71,0.47,0.48,2026-10-06,1921,N,nominal,2.0NRT,275.41,1.02,N
29.37758,91.15102,297.38,0.5,0.49,2026-10-06,1921,N,nominal,2.0NRT,275.51,1.14,N
29.26283,91.92424,305.73,0.45,0.47,2026-10-06,1921,N,nominal,2.0NRT,277.74,1.46,N
29.08345,88.01236,306.15,0.38,0.59,2026-10-06,1923,N,nominal,2.0NRT,273.66,2.5,N
29.08291,88.00994,304.97,0.38,0.59,2026-10-06,1923,N,nominal,2.0NRT,271.43,1.34,N
27.46925,95.42273,303.94,0.43,0.38,2026-10-06,1923,N,nominal,2.0NRT,290.33,0.6,N
27.37724,95.33238,317.9,0.43,0.38,2026-10-06,1923,N,nominal,2.0NRT,290.21,1.22,N
27.37798,95.08696,305.14,0.44,0.39,2026-10-06,1923,N,nominal,2.0NRT,291.01,0.48,N
27.22093,95.34534,304.56,0.43,0.38,2026-10-06,1923,N,nominal,2.0NRT,290.6,0.6,N
21.74226,83.84501,302.69,0.53,0.67,2026-10-06,2106,N,nominal,2.0NRT,288.87,1.54,N
22.007,82.66981,302.28,0.45,0.63,2026-10-06,2106,N,nominal,2.0NRT,289.12,1.11,N
21.67683,84.03926,307.37,0.55,0.68,2026-10-06,2106,N,nominal,2.0NRT,288.36,1.94,N
20.97054,86.00394,301.99,0.75,0.77,2026-10-06,2106,N,nominal,2.0NRT,290.42,2.76,N
20.96868,86.01118,317.51,0.75,0.77,2026-10-06,2106,N,nominal,2.0NRT,290.31,2.76,N
20.96681,86.01849,304.7,0.75,0.77,2026-10-06,2106,N,nominal,2.0NRT,290.14,3,N
20.96176,86.00902,302.91,0.75,0.77,2026-10-06,2106,N,nominal,2.0NRT,290.07,1.52,N
20.97121,86.01796,303.01,0.75,0.77,2026-10-06,2106,N,nominal,2.0NRT,290.23,2.56,N
20.96612,86.00846,307.42,0.75,0.77,2026-10-06,2106,N,nominal,2.0NRT,290.32,2.56,N
20.96428,86.01578,310.96,0.75,0.77,2026-10-06,2106,N,nominal,2.0NRT,289.88,2.56,N
21.80276,82.03899,300.53,0.41,0.61,2026-10-06,2106,N,nominal,2.0NRT,288.38,0.95,N
21.0795,85.03534,310.26,0.65,0.73,2026-10-06,2106,N,nominal,2.0NRT,288.24,3.17,N
21.07794,85.04155,301.15,0.65,0.73,2026-10-06,2106,N,nominal,2.0NRT,288.18,1.48,N
21.80405,82.04097,301.88,0.41,0.61,2026-10-06,2106,N,nominal,2.0NRT,288.49,1.26,N
21.08325,85.03661,301.55,0.65,0.73,2026-10-06,2106,N,nominal,2.0NRT,288.05,1.21,N
21.07667,85.03465,305.85,0.65,0.73,2026-10-06,2106,N,nominal,2.0NRT,288.44,2.7,N
21.72986,82.21355,303.88,0.42,0.61,2026-10-06,2106,N,nominal,2.0NRT,289.62,0.92,N
20.97915,85.17037,307.04,0.67,0.73,2026-10-06,2106,N,nominal,2.0NRT,289.78,1.55,N
20.97094,85.17467,325.33,0.67,0.73,2026-10-06,2106,N,nominal,2.0NRT,290.85,3.37,N
20.9805,85.13642,304.11,0.66,0.73,2026-10-06,2106,N,nominal,2.0NRT,290.34,2.97,N
20.96906,85.15366,303.27,0.66,0.73,2026-10-06,2106,N,nominal,2.0NRT,289.94,2.95,N
20.96588,85.16636,307.87,0.67,0.73,2026-10-06,2106,N,nominal,2.0NRT,290.47,3.37,N
20.96429,85.17269,310.48,0.67,0.73,2026-10-06,2106,N,nominal,2.0NRT,290.46,3.37,N
20.96269,85.17907,306.02,0.67,0.73,2026-10-06,2106,N,nominal,2.0NRT,290.51,3.53,N
20.96106,85.18558,315.05,0.67,0.73,2026-10-06,2106,N,nominal,2.0NRT,290.56,3.53,N
20.97807,85.17083,309.27,0.67,0.73,2026-10-06,2106,N,nominal,2.0NRT,290.14,3.02,N
20.96989,85.17513,325.21,0.67,0.73,2026-10-06,2106,N,nominal,2.0NRT,290.63,6.35,N
20.97924,85.13675,303.98,0.66,0.73,2026-10-06,2106,N,nominal,2.0NRT,290.28,1.72,N
20.97144,85.1688,302.02,0.67,0.73,2026-10-06,2106,N,nominal,2.0NRT,290.03,3.02,N
20.96676,85.18798,309.16,0.67,0.74,2026-10-06,2106,N,nominal,2.0NRT,290.43,2.12,N
20.96791,85.15401,303.07,0.67,0.73,2026-10-06,2106,N,nominal,2.0NRT,290.01,1.92,N
20.9648,85.16674,307.78,0.67,0.73,2026-10-06,2106,N,nominal,2.0NRT,290.33,3.93,N
20.96325,85.1731,308.47,0.67,0.73,2026-10-06,2106,N,nominal,2.0NRT,290.37,2.27,N
20.96169,85.17952,303.03,0.67,0.73,2026-10-06,2106,N,nominal,2.0NRT,290.49,2.27,N
20.96009,85.18606,308.81,0.67,0.74,2026-10-06,2106,N,nominal,2.0NRT,290.53,2.15,N
21.67492,82.08099,304.54,0.42,0.61,2026-10-06,2106,N,nominal,2.0NRT,290.64,1.31,N
20.88998,84.9807,301.18,0.65,0.73,2026-10-06,2106,N,nominal,2.0NRT,288.8,1.3,N
20.80681,85.25474,302.05,0.68,0.74,2026-10-06,2106,N,nominal,2.0NRT,289.89,2.08,N
20.88721,84.97994,302.11,0.65,0.73,2026-10-06,2106,N,nominal,2.0NRT,288.87,2.16,N
20.789,85.26406,313.68,0.68,0.74,2026-10-06,2106,N,nominal,2.0NRT,289.94,4.91,N
20.78736,85.27071,301.62,0.68,0.74,2026-10-06,2106,N,nominal,2.0NRT,289.55,1.68,N
20.7591,85.29747,309.21,0.69,0.74,2026-10-06,2106,N,nominal,2.0NRT,289.79,3.21,N
21.48671,81.76804,307.55,0.4,0.6,2026-10-06,2106,N,nominal,2.0NRT,290.57,1.66,N
21.37378,81.68127,304.37,0.4,0.6,2026-10-06,2106,N,nominal,2.0NRT,290.45,1.27,N
21.37692,81.64192,306.92,0.4,0.6,2026-10-06,2106,N,nominal,2.0NRT,291.04,1.46,N
23.01011,72.70626,310.46,0.39,0.36,2026-10-06,2106,N,nominal,2.0NRT,295.83,0.9,N
21.1968,81.39872,308.55,0.39,0.59,2026-10-06,2106,N,nominal,2.0NRT,291.28,1.05,N
21.19142,81.39733,305.69,0.39,0.59,2026-10-06,2106,N,nominal,2.0NRT,291.06,0.96,N
21.18772,81.38855,303.67,0.39,0.59,2026-10-06,2106,N,nominal,2.0NRT,291.66,0.99,N
21.18689,81.39225,303.36,0.39,0.59,2026-10-06,2106,N,nominal,2.0NRT,291.08,0.99,N
21.19599,81.39993,315.93,0.39,0.59,2026-10-06,2106,N,nominal,2.0NRT,291.1,0.71,N
21.19061,81.39854,302.61,0.39,0.59,2026-10-06,2106,N,nominal,2.0NRT,290.28,0.71,N
21.18686,81.38971,306.73,0.39,0.59,2026-10-06,2106,N,nominal,2.0NRT,292.35,1.15,N
21.18149,81.38831,307.95,0.39,0.59,2026-10-06,2106,N,nominal,2.0NRT,291.46,1.15,N
23.12267,70.08536,327.01,0.4,0.37,2026-10-06,2106,N,nominal,2.0NRT,296.72,2.32,N
23.11929,70.08477,310.52,0.4,0.37,2026-10-06,2106,N,nominal,2.0NRT,297.13,1.76,N
22.26344,75.13427,311.67,0.47,0.4,2026-10-06,2106,N,nominal,2.0NRT,295.33,1.33,N
22.99358,69.41593,309.06,0.42,0.37,2026-10-06,2106,N,nominal,2.0NRT,295.89,0.9,N
21.24821,79.20834,314.67,0.56,0.52,2026-10-06,2106,N,nominal,2.0NRT,291.13,2.13,N
21.24482,79.22449,304.19,0.56,0.52,2026-10-06,2106,N,nominal,2.0NRT,291.42,1.6,N
22.93518,69.69915,313.75,0.41,0.37,2026-10-06,2106,N,nominal,2.0NRT,297.12,1.46,N
22.93177,69.69856,318.95,0.41,0.37,2026-10-06,2106,N,nominal,2.0NRT,297.71,2.2,N
22.34077,69.85437,311.99,0.4,0.37,2026-10-06,2106,N,nominal,2.0NRT,299.82,1.89,N
22.41442,69.03732,310.64,0.43,0.38,2026-10-06,2106,N,nominal,2.0NRT,296.37,1.15,N
21.43383,72.97529,306.07,0.4,0.37,2026-10-06,2106,N,nominal,2.0NRT,295.1,1.06,N
21.10902,72.63438,323.18,0.4,0.37,2026-10-06,2106,N,nominal,2.0NRT,297.08,1.54,N
21.10711,72.64583,340.85,0.4,0.37,2026-10-06,2106,N,nominal,2.0NRT,299.4,5.56,N
21.10647,72.64966,322.6,0.4,0.37,2026-10-06,2106,N,nominal,2.0NRT,297.99,2.2,N
21.10839,72.63819,311.47,0.4,0.37,2026-10-06,2106,N,nominal,2.0NRT,298.64,1.54,N
21.10375,72.6452,340.74,0.4,0.37,2026-10-06,2106,N,nominal,2.0NRT,298.42,12.3,N
21.10166,72.63692,336.67,0.4,0.37,2026-10-06,2106,N,nominal,2.0NRT,298.37,7.63,N
22.77173,57.59363,324.35,0.67,0.74,2026-10-06,2106,N,nominal,2.0NRT,291.85,3.46,N
22.7722,57.58685,308.45,0.67,0.74,2026-10-06,2106,N,nominal,2.0NRT,291.8,4.23,N
20.91159,71.45988,310.45,0.38,0.36,2026-10-06,2106,N,nominal,2.0NRT,297.2,1.89,N
22.40555,56.98794,318.89,0.73,0.76,2026-10-06,2106,N,nominal,2.0NRT,295.27,3.11,N
20.86901,70.56631,307.05,0.39,0.36,2026-10-06,2106,N,nominal,2.0NRT,296.97,1.04,N
22.32953,56.47376,304.73,0.78,0.78,2026-10-06,2106,N,nominal,2.0NRT,292.31,2.32,N
22.32851,56.48947,316.17,0.78,0.78,2026-10-06,2106,N,nominal,2.0NRT,293.04,3.2,N
39.05275,76.18491,297,0.38,0.36,2026-10-06,2101,N,nominal,2.0NRT,284.55,1.06,N
22.28934,56.52707,321.54,0.78,0.78,2026-10-06,2106,N,nominal,2.0NRT,292.96,3.13,N
39.85227,66.19749,295.12,0.61,0.53,2026-10-06,2101,N,nominal,2.0NRT,280.06,1.15,N
22.29587,56.52518,310.64,0.77,0.78,2026-10-06,2106,N,nominal,2.0NRT,292.59,1.58,N
39.7021,63.57877,339.11,0.42,0.61,2026-10-06,2101,N,nominal,2.0NRT,286.23,2.84,N
22.28857,56.52464,307.33,0.77,0.78,2026-10-06,2106,N,nominal,2.0NRT,292.59,1.67,N
39.70232,63.57373,310.21,0.42,0.61,2026-10-06,2101,N,nominal,2.0NRT,283.93,3.1,N
22.10672,57.31726,305.09,0.69,0.74,2026-10-06,2106,N,nominal,2.0NRT,293.61,0.69,N
19.93628,73.71206,304.46,0.44,0.38,2026-10-06,2106,N,nominal,2.0NRT,289.54,0.81,N
39.69659,63.57323,295.5,0.42,0.61,2026-10-06,2101,N,nominal,2.0NRT,282.91,3.1,N
21.93497,57.07296,319.62,0.71,0.75,2026-10-06,2106,N,nominal,2.0NRT,293.72,2.92,N
21.93839,57.06885,312.11,0.71,0.75,2026-10-06,2108,N,nominal,2.0NRT,293.98,2.86,N
39.69637,63.57828,313.29,0.42,0.61,2026-10-06,2101,N,nominal,2.0NRT,283.32,2.84,N
21.93786,57.07603,307.57,0.71,0.75,2026-10-06,2108,N,nominal,2.0NRT,293.97,1.96,N
18.72243,79.53691,314.56,0.33,0.55,2026-10-06,2108,N,nominal,2.0NRT,293.86,1.14,N
39.70128,63.57852,350.64,0.42,0.61,2026-10-06,2101,N,nominal,2.0NRT,287.22,3.1,N
18.71736,79.53587,304.84,0.33,0.55,2026-10-06,2108,N,nominal,2.0NRT,293.38,1.14,N
21.83637,56.67768,307.04,0.75,0.77,2026-10-06,2108,N,nominal,2.0NRT,292.49,1.14,N
39.70153,63.57349,303.73,0.42,0.61,2026-10-06,2101,N,nominal,2.0NRT,284.03,3.1,N
21.83397,56.67971,311.29,0.75,0.77,2026-10-06,2108,N,nominal,2.0NRT,292.31,1.69,N
17.959,80.79363,307.08,0.41,0.61,2026-10-06,2108,N,nominal,2.0NRT,292.64,1.71,N
39.69556,63.57805,298.82,0.42,0.61,2026-10-06,2101,N,nominal,2.0NRT,282.65,3.1,N
21.33312,57.72317,307.28,0.64,0.72,2026-10-06,2108,N,nominal,2.0NRT,293.86,0.75,N
39.18842,65.28652,295.6,0.34,0.56,2026-10-06,2101,N,nominal,2.0NRT,281.31,0.64,N
21.31957,57.72174,305.79,0.64,0.72,2026-10-06,2108,N,nominal,2.0NRT,293.76,0.55,N
39.16545,63.2582,299.08,0.43,0.62,2026-10-06,2101,N,nominal,2.0NRT,280.5,0.97,N
21.3108,57.74673,312.3,0.64,0.72,2026-10-06,2108,N,nominal,2.0NRT,293.92,1.69,N
21.30703,57.70745,305.78,0.64,0.72,2026-10-06,2108,N,nominal,2.0NRT,293.34,0.66,N
39.16529,63.26205,297.84,0.43,0.62,2026-10-06,2101,N,nominal,2.0NRT,280.6,0.67,N
19.33401,72.02146,309.02,0.4,0.37,2026-10-06,2108,N,nominal,2.0NRT,297.26,0.48,N
39.15682,63.31803,295.9,0.43,0.62,2026-10-06,2101,N,nominal,2.0NRT,281.13,0.63,N
19.36948,71.35372,332.34,0.39,0.36,2026-10-06,2108,N,nominal,2.0NRT,297.43,5.35,N
39.12841,63.3054,298.16,0.43,0.62,2026-10-06,2101,N,nominal,2.0NRT,280.38,0.58,N
19.28159,71.43655,311.3,0.39,0.36,2026-10-06,2108,N,nominal,2.0NRT,296.74,0.49,N
39.11546,63.33508,295.21,0.43,0.62,2026-10-06,2101,N,nominal,2.0NRT,280.66,0.62,N
21.00117,56.52927,333.69,0.75,0.77,2026-10-06,2108,N,nominal,2.0NRT,293.68,4.04,N
38.96204,64.78661,367,0.36,0.57,2026-10-06,2101,N,high,2.0NRT,277.48,15.99,N
38.96179,64.79068,350.16,0.36,0.57,2026-10-06,2101,N,nominal,2.0NRT,278.54,6.58,N
18.85877,72.92841,331.67,0.42,0.38,2026-10-06,2108,N,nominal,2.0NRT,294.72,6.32,N
38.95646,64.79016,297.43,0.36,0.57,2026-10-06,2101,N,nominal,2.0NRT,276.62,6.58,N
19.17749,70.94475,311.43,0.38,0.36,2026-10-06,2108,N,nominal,2.0NRT,296.96,0.61,N
38.6908,64.91996,318.03,0.35,0.57,2026-10-06,2101,N,nominal,2.0NRT,277.93,1.16,N
18.68501,73.02972,316.12,0.43,0.38,2026-10-06,2108,N,nominal,2.0NRT,294.54,3.9,N
38.17663,69.75545,307.87,0.38,0.43,2026-10-06,2101,N,nominal,2.0NRT,280.99,1.42,N
18.68017,73.03711,314,0.43,0.38,2026-10-06,2108,N,nominal,2.0NRT,294.34,3.94,N
38.17616,69.76014,298.48,0.38,0.43,2026-10-06,2101,N,nominal,2.0NRT,280.34,0.95,N
16.87363,80.0239,304.21,0.38,0.59,2026-10-06,2108,N,nominal,2.0NRT,291.82,0.75,N
38.35429,66.31093,337.58,0.58,0.52,2026-10-06,2101,N,nominal,2.0NRT,282.93,5.95,N
16.69605,79.64949,305.17,0.37,0.58,2026-10-06,2108,N,nominal,2.0NRT,292.79,0.66,N
38.35165,66.31094,337.42,0.58,0.52,2026-10-06,2101,N,nominal,2.0NRT,283.64,5.51,N
18.56495,55.86759,301.87,0.78,0.78,2026-10-06,2108,N,nominal,2.0NRT,290.98,1,N
38.05107,64.90322,297.72,0.34,0.56,2026-10-06,2101,N,nominal,2.0NRT,281.84,0.59,N
15.3648,76.30974,304.12,0.47,0.48,2026-10-06,2108,N,nominal,2.0NRT,293.31,0.56,N
15.33916,76.27729,305.69,0.47,0.48,2026-10-06,2108,N,nominal,2.0NRT,294.76,1.42,N
38.25459,58.3848,299.47,0.77,0.78,2026-10-06,2101,N,nominal,2.0NRT,279.73,0.68,N
15.33316,76.28509,310.92,0.47,0.48,2026-10-06,2108,N,nominal,2.0NRT,293.89,1.68,N
37.8183,65.18059,298.57,0.33,0.55,2026-10-06,2101,N,nominal,2.0NRT,282.52,0.43,N
15.17697,77.10397,308.11,0.53,0.5,2026-10-06,2108,N,nominal,2.0NRT,292.29,1.38,N
37.81678,65.18172,297.79,0.33,0.55,2026-10-06,2101,N,nominal,2.0NRT,282.5,0.59,N
15.18471,76.66933,305.36,0.5,0.49,2026-10-06,2108,N,nominal,2.0NRT,294.79,1.55,N
37.11808,62.36256,295.95,0.47,0.64,2026-10-06,2101,N,nominal,2.0NRT,278.25,1.21,N
15.18023,76.66836,319.45,0.5,0.49,2026-10-06,2108,N,nominal,2.0NRT,296.96,1.55,N
37.11581,62.35892,299.59,0.47,0.64,2026-10-06,2101,N,nominal,2.0NRT,278.42,0.79,N
15.17935,76.67303,307.39,0.5,0.49,2026-10-06,2108,N,nominal,2.0NRT,296.05,1.55,N
37.11555,62.36436,295.53,0.47,0.64,2026-10-06,2101,N,nominal,2.0NRT,278.15,0.79,N
15.17848,76.67768,310.58,0.5,0.49,2026-10-06,2108,N,nominal,2.0NRT,297.24,2.93,N
37.03547,62.41256,335.33,0.46,0.64,2026-10-06,2101,N,nominal,2.0NRT,278.7,4.05,N
15.17751,76.6581,324.1,0.5,0.49,2026-10-06,2108,N,nominal,2.0NRT,297.36,5.01,N
37.03524,62.41793,295.58,0.46,0.64,2026-10-06,2101,N,nominal,2.0NRT,279.12,2.04,N
15.17839,76.65344,311.84,0.5,0.49,2026-10-06,2108,N,nominal,2.0NRT,296.65,3.18,N
37.02951,62.4121,311.11,0.46,0.64,2026-10-06,2101,N,nominal,2.0NRT,278.49,2.78,N
15.65771,73.98856,309.69,0.51,0.41,2026-10-06,2108,N,nominal,2.0NRT,292.84,1.12,N
37.02928,62.41746,302.12,0.46,0.64,2026-10-06,2101,N,nominal,2.0NRT,278.83,1.86,N
37.03317,62.41288,342.99,0.46,0.64,2026-10-06,2101,N,nominal,2.0NRT,280.11,3.03,N
15.07175,76.86691,305.32,0.52,0.5,2026-10-06,2108,N,nominal,2.0NRT,294.11,1.63,N
37.03291,62.41824,309.48,0.46,0.64,2026-10-06,2101,N,nominal,2.0NRT,280.1,3.03,N
15.07222,76.86494,305.24,0.52,0.5,2026-10-06,2108,N,nominal,2.0NRT,293.79,1.29,N
35.49458,74.29476,295.77,0.39,0.36,2026-10-06,2101,N,nominal,2.0NRT,281.84,0.72,N
11.81556,77.91808,305.07,0.35,0.56,2026-10-06,2108,N,nominal,2.0NRT,285.13,0.78,N
35.37478,73.73856,296.55,0.39,0.36,2026-10-06,2101,N,nominal,2.0NRT,279.11,0.8,N
11.18493,79.09963,303.18,0.43,0.62,2026-10-06,2108,N,nominal,2.0NRT,288.71,0.74,N
35.9679,68.68619,297.32,0.41,0.45,2026-10-06,2101,N,nominal,2.0NRT,284.89,0.63,N
36.3778,61.89251,295.59,0.49,0.65,2026-10-06,2101,N,nominal,2.0NRT,282.72,0.57,N
11.18263,79.10056,311.6,0.43,0.62,2026-10-06,2108,N,nominal,2.0NRT,288.91,1.13,N
35.35457,60.21321,296.65,0.6,0.7,2026-10-06,2101,N,nominal,2.0NRT,282.72,0.88,N
33.51151,74.97691,298.72,0.39,0.36,2026-10-06,2104,N,nominal,2.0NRT,271.84,0.48,N
33.90437,71.91666,302.06,0.42,0.38,2026-10-06,2104,N,nominal,2.0NRT,289.97,0.57,N
33.29785,71.1847,310.35,0.44,0.39,2026-10-06,2104,N,nominal,2.0NRT,291.35,1.21,N
33.29432,71.18396,301.79,0.44,0.39,2026-10-06,2104,N,nominal,2.0NRT,291.14,0.5,N
32.88814,71.6162,307.76,0.42,0.38,2026-10-06,2104,N,nominal,2.0NRT,293.38,1.16,N
29.08531,88.01099,295.34,0.64,0.72,2026-10-06,2104,N,nominal,2.0NRT,271.02,1.26,N
31.25971,76.925,297.51,0.44,0.38,2026-10-06,2104,N,nominal,2.0NRT,282.87,0.38,N
29.98064,70.56423,304.88,0.44,0.38,2026-10-06,2104,N,nominal,2.0NRT,292.15,1.62,N
29.97713,70.56361,325.38,0.44,0.38,2026-10-06,2104,N,nominal,2.0NRT,292.37,1.62,N
29.12432,75.78016,306.2,0.42,0.38,2026-10-06,2104,N,nominal,2.0NRT,295.93,0.55,N
29.54958,70.43125,312.58,0.44,0.38,2026-10-06,2104,N,nominal,2.0NRT,292.55,1.24,N
27.66933,76.13024,307.42,0.45,0.39,2026-10-06,2104,N,nominal,2.0NRT,297.13,2.99,N
28.42643,69.69968,309.81,0.45,0.39,2026-10-06,2104,N,nominal,2.0NRT,296.55,1.29,N
28.42283,69.69906,306.93,0.45,0.39,2026-10-06,2104,N,nominal,2.0NRT,296.34,1.26,N
26.64547,79.48061,314.71,0.46,0.47,2026-10-06,2104,N,nominal,2.0NRT,294.24,1.28,N
26.64119,79.4795,316.83,0.46,0.47,2026-10-06,2104,N,nominal,2.0NRT,294.47,1.51,N
26.64094,79.47745,308.8,0.46,0.47,2026-10-06,2104,N,nominal,2.0NRT,294.17,1.19,N
28.05413,69.36832,308.68,0.46,0.39,2026-10-06,2104,N,nominal,2.0NRT,297.53,1.25,N
24.92363,84.15652,300.9,0.48,0.64,2026-10-06,2104,N,nominal,2.0NRT,285.06,0.52,N
26.92619,73.46883,312.48,0.39,0.36,2026-10-06,2104,N,nominal,2.0NRT,295.1,1.29,N
26.88074,73.51578,305.76,0.39,0.36,2026-10-06,2104,N,nominal,2.0NRT,295.2,1.16,N
26.87742,73.5151,313.48,0.39,0.36,2026-10-06,2104,N,nominal,2.0NRT,295.43,2.22,N
26.87346,73.51831,308.85,0.39,0.36,2026-10-06,2104,N,nominal,2.0NRT,295.22,0.9,N
26.60614,73.68448,307.88,0.39,0.36,2026-10-06,2104,N,nominal,2.0NRT,296.48,1.1,N
23.78341,86.20849,303.82,0.67,0.73,2026-10-06,2104,N,nominal,2.0NRT,286.28,1.62,N
23.7767,86.20671,302.98,0.67,0.73,2026-10-06,2104,N,nominal,2.0NRT,285.86,1.62,N
23.71383,86.44715,299.82,0.69,0.74,2026-10-06,2104,N,nominal,2.0NRT,284.16,5.35,N
23.77341,86.1918,303.35,0.67,0.73,2026-10-06,2104,N,nominal,2.0NRT,285.84,2.26,N
23.77172,86.19829,300.34,0.67,0.73,2026-10-06,2104,N,nominal,2.0NRT,285.86,1.82,N
23.77473,86.2107,301.13,0.67,0.73,2026-10-06,2104,N,nominal,2.0NRT,285.93,2.7,N
23.71323,86.45191,300.91,0.69,0.74,2026-10-06,2104,N,nominal,2.0NRT,284.3,6.73,N
23.77139,86.19568,307.64,0.67,0.73,2026-10-06,2104,N,nominal,2.0NRT,285.61,3.08,N
23.70224,86.07542,303.03,0.66,0.73,2026-10-06,2104,N,nominal,2.0NRT,285.78,1.43,N
23.78908,85.55006,303.51,0.61,0.71,2026-10-06,2104,N,nominal,2.0NRT,285.27,3.05,N
23.78758,85.55586,298.63,0.61,0.71,2026-10-06,2104,N,nominal,2.0NRT,285.12,1.99,N
23.69979,86.07513,301.47,0.66,0.73,2026-10-06,2104,N,nominal,2.0NRT,285.79,1.17,N
23.79017,85.55004,300.26,0.61,0.71,2026-10-06,2104,N,nominal,2.0NRT,285.36,1.26,N
23.78871,85.55586,300.46,0.61,0.71,2026-10-06,2104,N,nominal,2.0NRT,285.39,1.26,N
23.69297,85.36844,303.91,0.6,0.7,2026-10-06,2106,N,nominal,2.0NRT,285.06,2.35,N
23.64793,85.43769,301.56,0.6,0.71,2026-10-06,2106,N,nominal,2.0NRT,284.55,0.64,N
24.19792,82.7137,301.41,0.4,0.6,2026-10-06,2106,N,nominal,2.0NRT,288.82,1.05,N
24.18186,82.65862,300.83,0.4,0.6,2026-10-06,2106,N,nominal,2.0NRT,288.95,0.86,N
24.18292,82.65897,302.1,0.4,0.6,2026-10-06,2106,N,nominal,2.0NRT,289.05,0.73,N
26.23367,68.91053,320.04,0.47,0.39,2026-10-06,2106,N,nominal,2.0NRT,296.3,1.28,N
24.1662,80.69629,300.79,0.61,0.53,2026-10-06,2106,N,nominal,2.0NRT,289.1,1.17,N
22.78837,86.20889,299.67,0.7,0.75,2026-10-06,2106,N,nominal,2.0NRT,286.23,1.41,N
22.78924,86.20663,302.88,0.7,0.75,2026-10-06,2106,N,nominal,2.0NRT,286.27,2.6,N
22.81706,86.0392,305.43,0.69,0.74,2026-10-06,2106,N,nominal,2.0NRT,285.62,1.09,N
26.12336,68.81757,322.54,0.47,0.4,2026-10-06,2106,N,nominal,2.0NRT,296.35,2.68,N
26.13099,68.7319,311.58,0.47,0.4,2026-10-06,2106,N,nominal,2.0NRT,295.96,1.07,N
22.61094,85.91325,299.01,0.68,0.74,2026-10-06,2106,N,nominal,2.0NRT,285.38,0.79,N
22.60977,85.91354,299.79,0.68,0.74,2026-10-06,2106,N,nominal,2.0NRT,285.74,0.86,N
22.57134,85.89451,300.88,0.68,0.74,2026-10-06,2106,N,nominal,2.0NRT,285.68,1.65,N
24.93356,74.633,315.27,0.42,0.38,2026-10-06,2106,N,nominal,2.0NRT,296.85,1.75,N
24.76465,74.60686,306.49,0.42,0.38,2026-10-06,2106,N,nominal,2.0NRT,295.48,1.92,N
23.16895,82.34065,306.06,0.4,0.6,2026-10-06,2106,N,nominal,2.0NRT,288.32,1.39,N
23.16803,82.34461,309.7,0.4,0.6,2026-10-06,2106,N,nominal,2.0NRT,288.16,1.83,N
23.1644,82.3353,307.96,0.4,0.6,2026-10-06,2106,N,nominal,2.0NRT,288.23,1.39,N
23.16344,82.3394,311.19,0.4,0.6,2026-10-06,2106,N,nominal,2.0NRT,288.11,1.39,N
24.14365,77.75808,303.32,0.41,0.45,2026-10-06,2106,N,nominal,2.0NRT,291.16,0.42,N
23.17009,82.34241,304.01,0.4,0.6,2026-10-06,2106,N,nominal,2.0NRT,288.35,0.74,N
23.16549,82.3371,313.7,0.4,0.6,2026-10-06,2106,N,nominal,2.0NRT,288.64,1.6,N
23.16459,82.34111,318.73,0.4,0.6,2026-10-06,2106,N,nominal,2.0NRT,288.84,1.6,N
24.82264,73.09461,309.4,0.39,0.36,2026-10-06,2106,N,nominal,2.0NRT,297.78,1.06,N
24.81994,73.09012,308.77,0.39,0.36,2026-10-06,2106,N,nominal,2.0NRT,296.89,1.06,N
24.81931,73.09395,307.62,0.39,0.36,2026-10-06,2106,N,nominal,2.0NRT,297.14,1.06,N
25.38669,68.58183,320.98,0.47,0.4,2026-10-06,2106,N,nominal,2.0NRT,296.54,1.81,N
24.68836,73.00189,306.43,0.39,0.36,2026-10-06,2106,N,nominal,2.0NRT,295.97,1.03,N
22.20822,84.85026,302.58,0.6,0.71,2026-10-06,2106,N,nominal,2.0NRT,287.89,1.79,N
21.93165,85.21916,295.99,0.64,0.72,2026-10-06,2106,N,nominal,2.0NRT,285.74,2.06,N
21.92344,85.22383,300.9,0.64,0.72,2026-10-06,2106,N,nominal,2.0NRT,286.24,2.5,N
21.92652,85.22467,305.56,0.64,0.72,2026-10-06,2106,N,nominal,2.0NRT,286.49,2.96,N
22.32586,82.6028,304.97,0.43,0.62,2026-10-06,2106,N,nominal,2.0NRT,287.72,1.15,N
22.32136,82.56326,302.54,0.43,0.62,2026-10-06,2106,N,nominal,2.0NRT,288.17,0.71,N
22.3168,82.53104,299.81,0.43,0.62,2026-10-06,2106,N,nominal,2.0NRT,287.52,1.44,N
22.31585,82.53522,300.36,0.43,0.62,2026-10-06,2106,N,nominal,2.0NRT,287.39,1.1,N
22.31117,82.5296,300.77,0.43,0.62,2026-10-06,2106,N,nominal,2.0NRT,286.86,1.45,N
22.35723,82.30286,314.79,0.42,0.61,2026-10-06,2106,N,nominal,2.0NRT,288.12,2.44,N
22.10511,83.12386,305.44,0.47,0.64,2026-10-06,2106,N,nominal,2.0NRT,288.54,1.09,N
22.03785,83.35246,310.74,0.49,0.65,2026-10-06,2106,N,nominal,2.0NRT,288.18,1.92,N
21.96368,83.772,301.18,0.52,0.67,2026-10-06,2106,N,nominal,2.0NRT,288.06,1.08,N
22.10784,83.12594,303.72,0.47,0.64,2026-10-06,2106,N,nominal,2.0NRT,288.39,0.64,N
22.03618,83.35365,309.36,0.49,0.65,2026-10-06,2106,N,nominal,2.0NRT,288.14,2.36,N
22.03277,83.36819,300.14,0.49,0.65,2026-10-06,2106,N,nominal,2.0NRT,287.52,0.94,N
21.76679,84.02103,306.77,0.55,0.68,2026-10-06,2106,N,nominal,2.0NRT,288.23,1.79,N
21.98631,83.23357,301.36,0.48,0.65,2026-10-06,2106,N,nominal,2.0NRT,288.32,0.76,N
21.87953,83.55626,303.16,0.51,0.66,2026-10-06,2106,N,nominal,2.0NRT,288.26,0.72,N
21.76976,84.02034,307.34,0.55,0.68,2026-10-06,2106,N,nominal,2.0NRT,288.62,1.51,N
21.92125,83.35123,328.48,0.49,0.65,2026-10-06,2106,N,nominal,2.0NRT,289.52,4.03,N
21.92458,83.33701,301.43,0.49,0.65,2026-10-06,2106,N,nominal,2.0NRT,288.16,1.74,N
21.76358,84.01862,303,0.55,0.68,2026-10-06,2106,N,nominal,2.0NRT,288.21,1.51,N
21.75615,84.02217,303.18,0.55,0.68,2026-10-06,2106,N,nominal,2.0NRT,288.56,1.87,N
21.74774,83.97482,302.52,0.54,0.68,2026-10-06,2106,N,nominal,2.0NRT,288.14,1.14,N
21.76531,83.84694,301.73,0.53,0.67,2026-10-06,2106,N,nominal,2.0NRT,288.14,1.49,N
21.7592,83.84521,309.49,0.53,0.67,2026-10-06,2106,N,nominal,2.0NRT,288.85,1.66,N
21.7531,83.84348,311.7,0.53,0.67,2026-10-06,2106,N,nominal,2.0NRT,288.57,1.66,N
21.74702,83.84161,319.22,0.53,0.67,2026-10-06,2106,N,nominal,2.0NRT,289,4.36,N
22.00619,82.67136,309.58,0.45,0.63,2026-10-06,2106,N,nominal,2.0NRT,289.52,1.03,N
21.67912,84.04051,306.71,0.55,0.68,2026-10-06,2106,N,nominal,2.0NRT,288.68,2.41,N
20.37316,55.93493,305.3,0.4,0.6,2026-10-06,2248,N,nominal,2.0NRT,293.19,0.34,N
39.90685,66.97591,310.52,0.55,0.68,2026-10-06,2242,N,nominal,2.0NRT,275.5,1.39,N
20.38813,55.6611,316.29,0.38,0.59,2026-10-06,2248,N,nominal,2.0NRT,293.46,1.63,N
20.38733,55.66471,303.02,0.38,0.59,2026-10-06,2248,N,nominal,2.0NRT,292.75,0.97,N
39.49697,64.69729,298.95,0.44,0.62,2026-10-06,2242,N,nominal,2.0NRT,276.63,0.94,N
20.38517,55.64899,310.81,0.38,0.59,2026-10-06,2248,N,nominal,2.0NRT,292.85,0.86,N
20.3862,55.6614,322.8,0.38,0.59,2026-10-06,2248,N,nominal,2.0NRT,293.11,1.76,N
20.38395,55.64563,309.23,0.38,0.59,2026-10-06,2248,N,nominal,2.0NRT,293.01,1.16,N
20.21042,55.71194,318.94,0.39,0.59,2026-10-06,2248,N,nominal,2.0NRT,292.74,1.09,N
38.46314,66.41885,307.46,0.57,0.69,2026-10-06,2242,N,nominal,2.0NRT,279.71,1.05,N
38.35351,66.31863,336.4,0.57,0.69,2026-10-06,2242,N,nominal,2.0NRT,281.41,3.63,N
38.3474,66.31588,312.89,0.57,0.69,2026-10-06,2242,N,nominal,2.0NRT,281.1,3.63,N
38.35236,66.31474,340.48,0.57,0.69,2026-10-06,2242,N,nominal,2.0NRT,282.46,3.82,N
38.35049,66.32091,304.87,0.57,0.69,2026-10-06,2242,N,nominal,2.0NRT,280.6,3.82,N
39.16798,63.26169,295.25,0.38,0.59,2026-10-06,2242,N,nominal,2.0NRT,280.01,1.03,N
39.1268,63.30545,298.71,0.38,0.59,2026-10-06,2242,N,nominal,2.0NRT,279.89,0.76,N
19.33692,56.47006,313.61,0.45,0.63,2026-10-06,2248,N,nominal,2.0NRT,293.62,0.93,N
37.98455,61.88382,296.66,0.35,0.56,2026-10-06,2242,N,nominal,2.0NRT,282.56,0.4,N
37.11634,62.36527,311.27,0.39,0.59,2026-10-06,2244,N,nominal,2.0NRT,283.05,1.15,N
19.33636,56.47239,305.59,0.45,0.63,2026-10-06,2248,N,nominal,2.0NRT,293.55,1.03,N
37.11642,62.36336,307.9,0.39,0.59,2026-10-06,2244,N,nominal,2.0NRT,282.66,0.83,N
19.26989,56.17698,303.81,0.43,0.62,2026-10-06,2248,N,nominal,2.0NRT,292.94,0.39,N
37.11529,62.3676,302.02,0.39,0.59,2026-10-06,2244,N,nominal,2.0NRT,282.21,0.83,N
19.26936,56.17479,310.27,0.43,0.62,2026-10-06,2248,N,nominal,2.0NRT,293.33,0.85,N
37.03182,62.41723,348.62,0.39,0.59,2026-10-06,2244,N,nominal,2.0NRT,285.74,6.73,N
37.03066,62.42151,320.38,0.39,0.59,2026-10-06,2244,N,nominal,2.0NRT,283.13,3.29,N
18.32335,55.10576,306.16,0.39,0.59,2026-10-06,2248,N,nominal,2.0NRT,292.45,0.5,N
18.32161,55.10783,322.25,0.39,0.59,2026-10-06,2248,N,nominal,2.0NRT,292.53,1.11,N
38.64889,54.28099,329.46,0.44,0.39,2026-10-06,2244,N,nominal,2.0NRT,290.1,4.47,N
18.32238,55.10417,308.93,0.39,0.59,2026-10-06,2248,N,nominal,2.0NRT,292.49,1.11,N
37.48572,58.31621,304.39,0.47,0.48,2026-10-06,2244,N,nominal,2.0NRT,278.17,1.05,N
18.01417,54.5746,314.93,0.36,0.57,2026-10-06,2248,N,nominal,2.0NRT,293.83,0.63,N
18.00999,54.57397,313.86,0.36,0.57,2026-10-06,2248,N,nominal,2.0NRT,293.97,0.79,N
36.47769,61.62635,297.49,0.37,0.58,2026-10-06,2244,N,nominal,2.0NRT,284.15,1.35,N
36.37795,61.89473,296.6,0.38,0.59,2026-10-06,2244,N,nominal,2.0NRT,282.4,0.55,N
35.35459,60.2182,298.61,0.33,0.55,2026-10-06,2244,N,nominal,2.0NRT,283.44,0.76,N
36.48044,54.9023,297.56,0.5,0.41,2026-10-06,2244,N,nominal,2.0NRT,284.89,0.68,N
36.2953,54.7872,304.33,0.5,0.41,2026-10-06,2244,N,nominal,2.0NRT,285.94,0.92,N
32.92537,60.23325,297.51,0.38,0.59,2026-10-06,2244,N,nominal,2.0NRT,284.96,0.54,N
33.04198,56.85196,302.79,0.49,0.48,2026-10-06,2244,N,nominal,2.0NRT,291.5,0.86,N
33.03948,56.84969,305.96,0.49,0.48,2026-10-06,2244,N,nominal,2.0NRT,290.53,1.55,N
32.33352,54.08745,311.82,0.54,0.42,2026-10-06,2244,N,nominal,2.0NRT,289.14,2.03,N
31.43134,56.48936,298.12,0.5,0.49,2026-10-06,2244,N,nominal,2.0NRT,285.48,0.84,N
31.84957,54.28712,315.77,0.57,0.43,2026-10-06,2244,N,nominal,2.0NRT,293.67,2.24,N
31.62344,54.7425,306.44,0.4,0.44,2026-10-06,2244,N,nominal,2.0NRT,291.81,1.01,N
31.62292,54.72488,299.6,0.4,0.44,2026-10-06,2244,N,nominal,2.0NRT,289.36,0.46,N
31.6241,54.74459,303.12,0.4,0.44,2026-10-06,2244,N,nominal,2.0NRT,290.55,0.87,N
30.75626,56.65842,298.93,0.53,0.5,2026-10-06,2244,N,nominal,2.0NRT,288.8,1.74,N
30.75374,56.65666,301.91,0.53,0.5,2026-10-06,2244,N,nominal,2.0NRT,289.22,1.38,N
30.66553,56.62306,303.32,0.53,0.5,2026-10-06,2244,N,nominal,2.0NRT,287.3,1.23,N
30.4997,56.81574,306.43,0.55,0.51,2026-10-06,2246,N,nominal,2.0NRT,288.52,3.26,N
30.49761,56.81905,316.28,0.55,0.51,2026-10-06,2246,N,nominal,2.0NRT,289.54,2.47,N
29.47759,60.81001,297.55,0.49,0.65,2026-10-06,2246,N,nominal,2.0NRT,286.24,0.66,N
30.23297,56.90779,306.21,0.57,0.52,2026-10-06,2246,N,nominal,2.0NRT,287.83,2.17,N
30.36951,56.1274,310.37,0.51,0.49,2026-10-06,2246,N,nominal,2.0NRT,288.65,1.68,N
30.35833,56.13505,302.84,0.51,0.49,2026-10-06,2246,N,nominal,2.0NRT,287.3,0.85,N
30.37838,55.86345,298.72,0.49,0.49,2026-10-06,2246,N,nominal,2.0NRT,287.04,0.85,N
30.39017,55.76604,298.7,0.48,0.48,2026-10-06,2246,N,nominal,2.0NRT,287.66,0.71,N
30.32137,55.97469,304.98,0.5,0.49,2026-10-06,2246,N,nominal,2.0NRT,287.89,1.05,N
30.21924,55.98375,298.66,0.5,0.49,2026-10-06,2246,N,nominal,2.0NRT,287.78,1.17,N
30.21485,55.9823,314.28,0.5,0.49,2026-10-06,2246,N,nominal,2.0NRT,287.57,1.17,N
30.21373,55.98738,300.52,0.5,0.49,2026-10-06,2246,N,nominal,2.0NRT,287.78,1.17,N
29.92743,56.73341,306.18,0.56,0.52,2026-10-06,2246,N,nominal,2.0NRT,287.22,1.86,N
29.99008,55.85575,325.8,0.5,0.49,2026-10-06,2246,N,nominal,2.0NRT,287.57,4.82,N
30.08115,55.39801,334.39,0.47,0.48,2026-10-06,2246,N,nominal,2.0NRT,287.62,5.43,N
28.60492,59.18972,317.2,0.42,0.61,2026-10-06,2246,N,nominal,2.0NRT,290.48,1.26,N
28.60389,59.1939,302.19,0.42,0.61,2026-10-06,2246,N,nominal,2.0NRT,289.77,1.26,N
29.14998,55.3685,296.86,0.49,0.48,2026-10-06,2246,N,nominal,2.0NRT,286.58,1.27,N
29.13369,55.37949,300.81,0.49,0.48,2026-10-06,2246,N,nominal,2.0NRT,289.87,1.42,N
29.17296,54.61891,299.96,0.44,0.46,2026-10-06,2246,N,nominal,2.0NRT,289.77,0.45,N
29.16879,54.61766,299.33,0.44,0.46,2026-10-06,2246,N,nominal,2.0NRT,289.13,0.99,N
27.17089,56.09773,308.46,0.59,0.53,2026-10-06,2246,N,nominal,2.0NRT,298.13,2.78,N
27.16612,56.09643,319.45,0.59,0.53,2026-10-06,2246,N,nominal,2.0NRT,298.9,2.78,N
27.1693,56.06003,310.13,0.58,0.52,2026-10-06,2246,N,nominal,2.0NRT,298.22,4.17,N
27.16589,56.05283,310.95,0.58,0.52,2026-10-06,2246,N,nominal,2.0NRT,298.17,3.92,N
27.16828,56.09651,324.08,0.59,0.53,2026-10-06,2246,N,nominal,2.0NRT,298.83,4.84,N
27.16778,56.05274,313.07,0.58,0.52,2026-10-06,2246,N,nominal,2.0NRT,298.15,2.55,N
27.16648,56.05863,308.25,0.58,0.52,2026-10-06,2246,N,nominal,2.0NRT,297.96,2.55,N
26.95696,55.5424,308.99,0.55,0.51,2026-10-06,2246,N,nominal,2.0NRT,298.74,2.4,N
25.97214,56.06725,309.74,0.62,0.54,2026-10-06,2246,N,nominal,2.0NRT,298.64,3.91,N
25.96725,56.06594,311.19,0.62,0.54,2026-10-06,2246,N,nominal,2.0NRT,298.83,3.91,N
25.90066,54.53334,314.96,0.5,0.49,2026-10-06,2246,N,nominal,2.0NRT,299,1.1,N
25.30968,56.3723,313.56,0.33,0.56,2026-10-06,2246,N,nominal,2.0NRT,298.49,1.62,N
24.50718,56.60947,319.84,0.36,0.57,2026-10-06,2246,N,nominal,2.0NRT,295.83,4.83,N
24.50199,56.60804,321.99,0.36,0.57,2026-10-06,2246,N,nominal,2.0NRT,296.45,2.75,N
24.50278,56.60453,314.31,0.36,0.57,2026-10-06,2246,N,nominal,2.0NRT,298.32,2.75,N
24.5109,54.02061,336.54,0.5,0.49,2026-10-06,2246,N,nominal,2.0NRT,300.91,2.66,N
23.19134,55.45704,317.79,0.32,0.55,2026-10-06,2246,N,nominal,2.0NRT,298.06,1.43,N
23.19065,55.46018,309.51,0.32,0.55,2026-10-06,2246,N,nominal,2.0NRT,297.7,1.43,N
23.18996,55.46332,311,0.32,0.55,2026-10-06,2246,N,nominal,2.0NRT,297.63,1.75,N
23.15142,55.44677,309.27,0.32,0.55,2026-10-06,2246,N,nominal,2.0NRT,296.96,1.46,N
23.15339,55.44694,311.15,0.32,0.55,2026-10-06,2246,N,nominal,2.0NRT,297.55,1.15,N
22.92879,55.80488,309.16,0.34,0.56,2026-10-06,2246,N,nominal,2.0NRT,296.73,1.18,N
22.87274,55.61325,319.87,0.34,0.56,2026-10-06,2248,N,nominal,2.0NRT,296.1,3.43,N
22.87203,55.61652,312.48,0.34,0.56,2026-10-06,2248,N,nominal,2.0NRT,295.92,2.69,N
22.77944,55.81662,305.09,0.35,0.57,2026-10-06,2248,N,nominal,2.0NRT,293.96,0.27,N
22.67162,56.24841,308.63,0.37,0.58,2026-10-06,2248,N,nominal,2.0NRT,296.33,1.11,N
22.6708,56.25201,307.17,0.37,0.58,2026-10-06,2248,N,nominal,2.0NRT,295.7,0.67,N
22.40435,56.99054,324.49,0.42,0.61,2026-10-06,2248,N,nominal,2.0NRT,294.4,2.1,N
22.40528,56.9865,308.51,0.42,0.61,2026-10-06,2248,N,nominal,2.0NRT,294.48,2.24,N
22.32897,56.49136,326.77,0.39,0.59,2026-10-06,2248,N,nominal,2.0NRT,296.17,2.01,N
22.32789,56.47076,311.93,0.39,0.59,2026-10-06,2248,N,nominal,2.0NRT,296.61,1.81,N
22.29262,56.52542,325.52,0.39,0.6,2026-10-06,2248,N,nominal,2.0NRT,296.74,3.77,N
22.29177,56.52915,323.25,0.39,0.6,2026-10-06,2248,N,nominal,2.0NRT,296.45,2.77,N
21.93722,57.0735,330.81,0.43,0.62,2026-10-06,2248,N,nominal,2.0NRT,295.21,1.99,N
21.83321,56.67974,325.77,0.41,0.61,2026-10-06,2248,N,nominal,2.0NRT,295.35,2.35,N
21.31925,57.71948,304.48,0.49,0.65,2026-10-06,2248,N,nominal,2.0NRT,293.48,1.11,N
21.31368,57.74295,314.78,0.49,0.65,2026-10-06,2248,N,nominal,2.0NRT,293.7,2.17,N
21.31255,57.74769,312.76,0.49,0.65,2026-10-06,2248,N,nominal,2.0NRT,293.71,1.36,N
21.30568,57.79995,304.97,0.5,0.65,2026-10-06,2248,N,nominal,2.0NRT,293.77,0.52,N
21.31183,57.74587,320.49,0.49,0.65,2026-10-06,2248,N,nominal,2.0NRT,293.83,1.47,N
21.31726,57.72232,304.99,0.49,0.65,2026-10-06,2248,N,nominal,2.0NRT,293.42,0.47,N
21.31293,57.74112,308.36,0.49,0.65,2026-10-06,2248,N,nominal,2.0NRT,293.47,1.47,N
21.41082,55.74497,314.35,0.37,0.58,2026-10-06,2248,N,nominal,2.0NRT,295.13,1.62,N
21.00107,56.53302,349.43,0.42,0.61,2026-10-06,2248,N,nominal,2.0NRT,296.01,4,N
13.65158,101.15462,330.18,0.43,0.38,2026-10-07,0633,N,nominal,2.0NRT,296.18,2.84,D
13.85653,100.6449,330.27,0.45,0.39,2026-10-07,0633,N,low,2.0NRT,297.6,2.08,D
14.45767,100.14336,333.15,0.46,0.39,2026-10-07,0635,N,nominal,2.0NRT,297.35,0.93,D
14.67421,100.80311,335.52,0.43,0.38,2026-10-07,0635,N,nominal,2.0NRT,298.93,5.34,D
14.67473,100.80326,330.38,0.43,0.38,2026-10-07,0635,N,nominal,2.0NRT,297.83,5.91,D
15.1261,100.73458,347.43,0.43,0.38,2026-10-07,0635,N,nominal,2.0NRT,299.67,13.81,D
15.3405,101.27091,331.28,0.41,0.37,2026-10-07,0635,N,nominal,2.0NRT,300,6.45,D
15.92972,101.32557,331.01,0.41,0.37,2026-10-07,0635,N,nominal,2.0NRT,296.77,3.94,D
19.67387,100.18082,339.79,0.41,0.37,2026-10-07,0635,N,nominal,2.0NRT,296.91,2.17,D
19.62362,99.51965,328.67,0.43,0.38,2026-10-07,0635,N,nominal,2.0NRT,294.93,1.65,D
19.8306,100.24014,327.93,0.41,0.37,2026-10-07,0635,N,nominal,2.0NRT,297.28,3.2,D
19.86817,100.21329,329.48,0.41,0.37,2026-10-07,0635,N,nominal,2.0NRT,297.77,1.82,D
19.89076,99.88189,338.11,0.42,0.38,2026-10-07,0635,N,nominal,2.0NRT,298.26,3.22,D
20.2137,97.85878,327.9,0.51,0.41,2026-10-07,0637,N,low,2.0NRT,302.85,2.3,D
22.46353,101.07677,335.5,0.39,0.36,2026-10-07,0637,N,nominal,2.0NRT,299.82,5.89,D
22.60431,99.45084,337.98,0.41,0.37,2026-10-07,0637,N,nominal,2.0NRT,300.19,4.13,D
22.40942,96.95573,332.93,0.52,0.42,2026-10-07,0637,N,nominal,2.0NRT,297.89,4.07,D
24.25461,97.85036,329.87,0.45,0.39,2026-10-07,0637,N,nominal,2.0NRT,298.38,3.67,D
24.16261,94.3617,343.49,0.46,0.47,2026-10-07,0637,N,nominal,2.0NRT,295.68,6.95,D
24.16341,94.35904,339.97,0.46,0.47,2026-10-07,0637,N,nominal,2.0NRT,294.94,5.4,D
24.75675,97.41302,343,0.46,0.39,2026-10-07,0637,N,nominal,2.0NRT,298.39,5.75,D
24.76032,97.41219,335.2,0.46,0.39,2026-10-07,0637,N,nominal,2.0NRT,298.42,8.27,D
25.09021,97.44909,338.32,0.46,0.39,2026-10-07,0637,N,nominal,2.0NRT,295.26,6.78,D
25.14444,97.44213,331.43,0.46,0.39,2026-10-07,0637,N,nominal,2.0NRT,295.4,4.56,D
25.23062,97.29386,338.05,0.46,0.39,2026-10-07,0637,N,nominal,2.0NRT,295.4,5.5,D
26.13668,99.1321,329.41,0.4,0.37,2026-10-07,0637,N,nominal,2.0NRT,294.77,3.03,D
26.56553,101.67437,329.7,0.39,0.36,2026-10-07,0637,N,low,2.0NRT,304.34,5.41,D
26.57832,101.66799,330.41,0.39,0.36,2026-10-07,0637,N,nominal,2.0NRT,299.27,4.47,D
26.26811,96.70844,329.45,0.47,0.4,2026-10-07,0637,N,nominal,2.0NRT,295.92,2.85,D
27.38623,97.4569,325.87,0.43,0.38,2026-10-07,0637,N,nominal,2.0NRT,297.88,2.14,D
27.37582,95.33338,329.29,0.53,0.42,2026-10-07,0637,N,nominal,2.0NRT,295.66,1.79,D
36.04451,97.81203,335.5,0.38,0.36,2026-10-07,0642,N,nominal,2.0NRT,300.28,3.6,D
36.0465,97.80284,342.66,0.38,0.36,2026-10-07,0642,N,nominal,2.0NRT,300.03,3.63,D
36.09497,97.80907,334.05,0.38,0.36,2026-10-07,0642,N,nominal,2.0NRT,304.51,4.59,D
36.68703,101.16918,337.11,0.45,0.39,2026-10-07,0642,N,nominal,2.0NRT,299.99,4.96,D
36.88604,101.70924,336.1,0.48,0.4,2026-10-07,0642,N,nominal,2.0NRT,301.69,3.59,D
36.89121,101.65774,332.31,0.48,0.4,2026-10-07,0642,N,nominal,2.0NRT,297.6,4.01,D
37.03987,101.72109,334.74,0.48,0.4,2026-10-07,0642,N,nominal,2.0NRT,298.7,3.37,D
36.39519,95.25926,335.77,0.41,0.37,2026-10-07,0642,N,low,2.0NRT,307.8,3.57,D
36.92697,98.36567,331,0.39,0.36,2026-10-07,0642,N,nominal,2.0NRT,301.94,2.38,D
38.33234,101.86382,337.27,0.5,0.41,2026-10-07,0642,N,nominal,2.0NRT,300.17,3.07,D
6.3453,81.33692,333.9,0.4,0.37,2026-10-07,0813,N,nominal,2.0NRT,295.67,2.67,D
6.40669,81.33144,330.29,0.4,0.37,2026-10-07,0813,N,nominal,2.0NRT,298.96,1.87,D
7.14577,81.74966,339.82,0.42,0.37,2026-10-07,0813,N,nominal,2.0NRT,302.31,6.19,D
7.21373,81.57166,334.96,0.41,0.37,2026-10-07,0813,N,nominal,2.0NRT,298.64,3.01,D
7.21715,81.57115,334.23,0.41,0.37,2026-10-07,0813,N,nominal,2.0NRT,298.48,3.01,D
7.23758,81.59095,337.31,0.41,0.37,2026-10-07,0813,N,nominal,2.0NRT,301.85,2.92,D
7.28138,81.06722,332.45,0.4,0.37,2026-10-07,0813,N,nominal,2.0NRT,295.26,2.84,D
7.317,81.23592,332.27,0.4,0.37,2026-10-07,0813,N,nominal,2.0NRT,294.82,2.84,D
7.64124,80.37897,341.79,0.39,0.36,2026-10-07,0813,N,nominal,2.0NRT,294.25,4.41,D
7.84532,81.45744,338.34,0.41,0.37,2026-10-07,0813,N,nominal,2.0NRT,301.42,4.56,D
8.15517,81.03347,343.05,0.4,0.37,2026-10-07,0813,N,nominal,2.0NRT,296.64,9.06,D
8.28497,81.34165,339.25,0.41,0.37,2026-10-07,0813,N,nominal,2.0NRT,300.94,3.92,D
8.2375,80.81304,347.23,0.4,0.37,2026-10-07,0813,N,nominal,2.0NRT,294.32,4.69,D
8.24141,80.81614,335.55,0.4,0.37,2026-10-07,0813,N,nominal,2.0NRT,295.01,7.37,D
8.24087,80.81253,335.15,0.4,0.37,2026-10-07,0813,N,nominal,2.0NRT,293.69,4.69,D
8.76821,80.79418,337.73,0.4,0.37,2026-10-07,0813,N,nominal,2.0NRT,293.55,5.62,D
8.83389,80.46365,330.17,0.39,0.36,2026-10-07,0813,N,nominal,2.0NRT,287.93,0.95,D
8.88693,80.79451,340.95,0.4,0.37,2026-10-07,0813,N,nominal,2.0NRT,300.01,3.39,D
39.34275,100.23019,343.04,0.44,0.39,2026-10-07,0642,N,nominal,2.0NRT,303.6,4.34,D
9.01657,80.68607,330.19,0.4,0.37,2026-10-07,0813,N,low,2.0NRT,300.54,3.37,D
9.24278,78.72741,330.34,0.39,0.36,2026-10-07,0816,N,nominal,2.0NRT,298.92,1.2,D
9.44249,78.83789,334.59,0.38,0.36,2026-10-07,0816,N,nominal,2.0NRT,301.67,1.21,D
9.53262,78.76575,338.8,0.39,0.36,2026-10-07,0816,N,nominal,2.0NRT,304.1,2.25,D
9.62373,78.87314,339.84,0.38,0.36,2026-10-07,0816,N,nominal,2.0NRT,301.53,3.34,D
9.86343,79.02348,340.91,0.38,0.36,2026-10-07,0816,N,nominal,2.0NRT,300.95,7.21,D
9.85838,78.07375,336.6,0.39,0.36,2026-10-07,0816,N,nominal,2.0NRT,300.54,3.38,D
10.04431,79.12309,339.28,0.38,0.36,2026-10-07,0816,N,nominal,2.0NRT,303.55,4.39,D
10.14465,78.87096,330.97,0.38,0.36,2026-10-07,0816,N,nominal,2.0NRT,297.49,1.69,D
10.24736,79.1907,335.6,0.38,0.36,2026-10-07,0816,N,nominal,2.0NRT,299.44,2.36,D
10.38244,79.27652,333.7,0.38,0.36,2026-10-07,0816,N,nominal,2.0NRT,297.42,1.92,D
10.38575,79.276,341.87,0.38,0.36,2026-10-07,0816,N,nominal,2.0NRT,298.86,5.3,D
10.2864,77.8652,335.6,0.39,0.36,2026-10-07,0816,N,nominal,2.0NRT,300.32,2.48,D
10.598,77.88769,334.49,0.39,0.36,2026-10-07,0816,N,nominal,2.0NRT,297.54,4.76,D
10.93849,79.8204,333.38,0.39,0.36,2026-10-07,0816,N,nominal,2.0NRT,299.89,2.82,D
10.9504,79.81792,336.07,0.39,0.36,2026-10-07,0816,N,nominal,2.0NRT,300.08,5.54,D
10.88719,79.21658,331.76,0.38,0.36,2026-10-07,0816,N,nominal,2.0NRT,298.79,2.62,D
10.92669,78.49996,335.23,0.38,0.36,2026-10-07,0816,N,nominal,2.0NRT,300.36,4.47,D
11.46289,79.15313,331.3,0.39,0.36,2026-10-07,0816,N,low,2.0NRT,304.38,1.85,D
11.59686,79.66467,336.55,0.39,0.36,2026-10-07,0816,N,nominal,2.0NRT,302.43,2.43,D
11.6002,79.66416,332.99,0.39,0.36,2026-10-07,0816,N,nominal,2.0NRT,301.41,2.34,D
11.46571,77.6757,337.24,0.39,0.36,2026-10-07,0816,N,nominal,2.0NRT,298.94,1.76,D
11.48187,77.24241,334.19,0.4,0.37,2026-10-07,0816,N,nominal,2.0NRT,299.61,1.96,D
11.79316,78.72153,333.72,0.38,0.36,2026-10-07,0816,N,nominal,2.0NRT,299.89,2.17,D
12.21088,78.59972,331.4,0.38,0.36,2026-10-07,0816,N,nominal,2.0NRT,302.95,1.68,D
12.72894,80.10341,332.43,0.41,0.37,2026-10-07,0816,N,nominal,2.0NRT,298.53,2.05,D
12.75778,80.20602,331.01,0.41,0.37,2026-10-07,0816,N,low,2.0NRT,302.09,1.88,D
12.80328,78.87148,333.27,0.39,0.36,2026-10-07,0816,N,nominal,2.0NRT,299.67,1.51,D
12.55808,76.97843,334.41,0.4,0.37,2026-10-07,0816,N,nominal,2.0NRT,297.19,3.64,D
13.3614,80.11385,336.31,0.41,0.37,2026-10-07,0816,N,nominal,2.0NRT,299.85,2.6,D
13.35536,80.04942,338.15,0.41,0.37,2026-10-07,0816,N,nominal,2.0NRT,301.38,4.83,D
13.41865,79.71624,337.43,0.4,0.37,2026-10-07,0816,N,nominal,2.0NRT,303.53,5.38,D
13.61755,79.52794,333.75,0.4,0.37,2026-10-07,0816,N,nominal,2.0NRT,301.47,3.17,D
13.90064,80.20292,345.65,0.42,0.37,2026-10-07,0816,N,nominal,2.0NRT,306.24,7.29,D
13.75959,79.04883,330.45,0.39,0.36,2026-10-07,0816,N,nominal,2.0NRT,300.33,1.49,D
13.89058,79.7986,334.83,0.4,0.37,2026-10-07,0816,N,nominal,2.0NRT,299.86,2.24,D
14.02297,79.7056,336.29,0.4,0.37,2026-10-07,0816,N,nominal,2.0NRT,299.15,2.32,D
14.0722,76.23153,334.3,0.41,0.37,2026-10-07,0816,N,nominal,2.0NRT,303.06,4.53,D
39.77257,98.69234,335.57,0.41,0.37,2026-10-07,0642,N,nominal,2.0NRT,302.47,2.58,D
14.07141,76.22833,333.29,0.41,0.37,2026-10-07,0816,N,nominal,2.0NRT,301.59,5.37,D
14.78613,77.80959,336.07,0.38,0.36,2026-10-07,0816,N,nominal,2.0NRT,303.17,1.93,D
14.88501,77.94583,338.27,0.38,0.36,2026-10-07,0816,N,nominal,2.0NRT,306.1,3.6,D
39.79041,97.89119,331.39,0.39,0.36,2026-10-07,0642,N,nominal,2.0NRT,297.37,1.92,D
15.11421,78.52187,338.63,0.39,0.36,2026-10-07,0816,N,nominal,2.0NRT,301.4,3.42,D
14.81196,76.31028,336.45,0.4,0.37,2026-10-07,0816,N,nominal,2.0NRT,304.48,3.45,D
14.68266,75.48782,331.39,0.43,0.38,2026-10-07,0816,N,nominal,2.0NRT,300.45,2.15,D
15.26167,78.10972,338.17,0.38,0.36,2026-10-07,0816,N,low,2.0NRT,308.3,5.13,D
15.26498,78.10918,339.47,0.38,0.36,2026-10-07,0816,N,nominal,2.0NRT,308.15,5.13,D
14.92776,75.55183,331.98,0.43,0.38,2026-10-07,0816,N,low,2.0NRT,305.37,4.12,D
15.25374,77.48306,344.78,0.38,0.36,2026-10-07,0816,N,nominal,2.0NRT,301.23,5.87,D
15.16986,76.66608,335.16,0.39,0.37,2026-10-07,0816,N,nominal,2.0NRT,297.4,3.6,D
15.17263,76.66187,335.52,0.39,0.37,2026-10-07,0816,N,nominal,2.0NRT,298.39,3.27,D
15.18381,76.66747,335.67,0.39,0.37,2026-10-07,0816,N,nominal,2.0NRT,299.03,4.73,D
15.47079,77.7061,334.35,0.38,0.36,2026-10-07,0816,N,low,2.0NRT,304.63,2.88,D
15.5521,78.10559,331.12,0.38,0.36,2026-10-07,0816,N,low,2.0NRT,303.9,1.14,D
15.36397,76.69617,337.85,0.39,0.36,2026-10-07,0816,N,nominal,2.0NRT,305.66,6.28,D
15.62529,78.11893,341.76,0.38,0.36,2026-10-07,0816,N,nominal,2.0NRT,310.87,4.95,D
15.68989,78.47973,333.56,0.39,0.36,2026-10-07,0816,N,low,2.0NRT,307.9,3.17,D
15.82028,78.60642,337.94,0.39,0.36,2026-10-07,0816,N,nominal,2.0NRT,304.98,1.73,D
15.70898,77.66982,334.18,0.38,0.36,2026-10-07,0816,N,low,2.0NRT,304.21,3.12,D
15.75378,75.62264,343.11,0.42,0.37,2026-10-07,0816,N,nominal,2.0NRT,307.49,6.15,D
15.52656,73.99458,333.08,0.49,0.4,2026-10-07,0816,N,low,2.0NRT,306.61,4.91,D
16.65423,80.38526,334.26,0.44,0.39,2026-10-07,0816,N,nominal,2.0NRT,303.25,3.45,D
16.62803,80.19537,344.24,0.44,0.38,2026-10-07,0816,N,nominal,2.0NRT,303.7,6.97,D
16.62747,80.19129,339.75,0.44,0.38,2026-10-07,0816,N,nominal,2.0NRT,303.95,7.6,D
16.23561,77.464,334.26,0.38,0.36,2026-10-07,0816,N,low,2.0NRT,309.22,1.45,D
16.82287,80.37765,330.56,0.45,0.39,2026-10-07,0816,N,nominal,2.0NRT,299.94,3.73,D
16.34066,75.9166,333.95,0.4,0.37,2026-10-07,0818,N,low,2.0NRT,307.54,1.14,D
17.11261,80.77728,333.57,0.47,0.4,2026-10-07,0818,N,nominal,2.0NRT,299.08,2.87,D
16.52192,75.93202,347.2,0.4,0.37,2026-10-07,0818,N,nominal,2.0NRT,307.81,4.3,D
16.89236,78.13446,332.49,0.39,0.36,2026-10-07,0818,N,low,2.0NRT,305.54,4.22,D
16.35947,74.77878,343.33,0.44,0.38,2026-10-07,0818,N,nominal,2.0NRT,309.6,5.67,D
17.60073,83.18348,343.36,0.43,0.46,2026-10-07,0818,N,nominal,2.0NRT,298.25,5.39,D
17.60748,83.20324,332.38,0.43,0.46,2026-10-07,0818,N,nominal,2.0NRT,299.62,3.55,D
16.54909,75.24494,336.89,0.42,0.38,2026-10-07,0818,N,low,2.0NRT,311.31,3.4,D
17.24777,78.38988,337.91,0.39,0.36,2026-10-07,0818,N,nominal,2.0NRT,303.44,3.81,D
18.52915,82.6929,335.94,0.41,0.45,2026-10-07,0818,N,nominal,2.0NRT,301.62,2.37,D
17.64322,75.38452,335.86,0.41,0.37,2026-10-07,0818,N,low,2.0NRT,306.3,3.82,D
17.89226,75.02594,336.27,0.42,0.38,2026-10-07,0818,N,nominal,2.0NRT,305.78,1.4,D
18.41235,77.65134,332.52,0.39,0.36,2026-10-07,0818,N,nominal,2.0NRT,305.91,2.61,D
18.71898,79.53831,334.43,0.43,0.38,2026-10-07,0818,N,low,2.0NRT,308.16,3.37,D
18.72247,79.53777,333.44,0.43,0.38,2026-10-07,0818,N,low,2.0NRT,307.43,3.37,D
18.45708,77.65515,333.2,0.39,0.36,2026-10-07,0818,N,low,2.0NRT,307.12,1.94,D
18.68998,78.38094,338.42,0.4,0.37,2026-10-07,0818,N,nominal,2.0NRT,304.2,4.11,D
18.7513,78.75546,331.71,0.41,0.37,2026-10-07,0818,N,nominal,2.0NRT,301.15,4.43,D
18.7547,78.75492,334.41,0.41,0.37,2026-10-07,0818,N,nominal,2.0NRT,301.69,4.43,D
18.59935,77.67686,335.35,0.39,0.36,2026-10-07,0818,N,low,2.0NRT,308.91,2.03,D
18.7037,78.26379,330.02,0.4,0.37,2026-10-07,0818,N,nominal,2.0NRT,302.33,2.44,D
18.13211,74.43112,333.05,0.44,0.38,2026-10-07,0818,N,low,2.0NRT,305.1,1.73,D
18.78237,78.53569,334.98,0.4,0.37,2026-10-07,0818,N,nominal,2.0NRT,304.82,4.71,D
18.77828,78.43584,331.11,0.4,0.37,2026-10-07,0818,N,low,2.0NRT,305.45,3.69,D
18.77281,78.39818,341.39,0.4,0.37,2026-10-07,0818,N,nominal,2.0NRT,303.63,3.72,D
18.83033,78.48547,342.24,0.4,0.37,2026-10-07,0818,N,nominal,2.0NRT,306.62,4.38,D
18.8383,78.44556,332.19,0.4,0.37,2026-10-07,0818,N,low,2.0NRT,304.93,4.47,D
18.84554,78.47144,330.38,0.4,0.37,2026-10-07,0818,N,low,2.0NRT,304.27,2.59,D
18.82018,78.27535,335.31,0.4,0.37,2026-10-07,0818,N,nominal,2.0NRT,303.89,5.19,D
18.85503,78.38484,337.95,0.4,0.37,2026-10-07,0818,N,nominal,2.0NRT,303.68,2.82,D
18.85457,78.35791,332.86,0.4,0.37,2026-10-07,0818,N,nominal,2.0NRT,300.5,3.18,D
18.84323,78.25611,338.05,0.4,0.37,2026-10-07,0818,N,nominal,2.0NRT,304.29,4.72,D
18.86731,78.39831,336.49,0.4,0.37,2026-10-07,0818,N,nominal,2.0NRT,303.97,3.86,D
18.79216,77.88466,330.2,0.39,0.36,2026-10-07,0818,N,low,2.0NRT,304.92,2.08,D
18.89473,78.56445,334.71,0.4,0.37,2026-10-07,0818,N,nominal,2.0NRT,303.78,2.57,D
18.89189,78.42527,334.47,0.4,0.37,2026-10-07,0818,N,nominal,2.0NRT,302.36,1.98,D
18.92989,78.66441,332.59,0.4,0.37,2026-10-07,0818,N,nominal,2.0NRT,299.17,2.21,D
18.89,78.31763,334.47,0.4,0.37,2026-10-07,0818,N,nominal,2.0NRT,303.75,3.25,D
18.89116,78.30209,331.46,0.4,0.37,2026-10-07,0818,N,low,2.0NRT,302.71,2.77,D
18.92153,78.46307,341.14,0.4,0.37,2026-10-07,0818,N,nominal,2.0NRT,303.8,4.24,D
18.87168,78.07608,330.14,0.39,0.36,2026-10-07,0818,N,low,2.0NRT,303.27,4.3,D
18.94878,78.57928,332.88,0.4,0.37,2026-10-07,0818,N,nominal,2.0NRT,304,2.72,D
18.92669,78.42744,338.84,0.4,0.37,2026-10-07,0818,N,nominal,2.0NRT,305.84,4.59,D
18.84653,77.8833,335.75,0.39,0.36,2026-10-07,0818,N,low,2.0NRT,308.48,2.96,D
18.93005,78.4269,338.39,0.4,0.37,2026-10-07,0818,N,nominal,2.0NRT,303.55,4.59,D
18.94453,78.4788,335.52,0.4,0.37,2026-10-07,0818,N,low,2.0NRT,305.57,2.47,D
18.85938,77.83221,332.38,0.39,0.36,2026-10-07,0818,N,low,2.0NRT,305.32,2.05,D
18.8638,77.839,344.51,0.39,0.36,2026-10-07,0818,N,nominal,2.0NRT,308.34,4.98,D
18.88251,77.94164,332.95,0.39,0.36,2026-10-07,0818,N,low,2.0NRT,307.04,2.38,D
18.9303,78.20738,331.47,0.4,0.37,2026-10-07,0818,N,low,2.0NRT,305.02,1.56,D
18.97217,78.2121,330.9,0.4,0.37,2026-10-07,0818,N,nominal,2.0NRT,302.68,2.65,D
18.95293,77.89577,337.97,0.39,0.36,2026-10-07,0818,N,nominal,2.0NRT,308.73,2.24,D
18.42284,74.50503,335.67,0.43,0.38,2026-10-07,0818,N,low,2.0NRT,307.99,3.17,D
19.86592,83.45311,330.83,0.48,0.48,2026-10-07,0818,N,nominal,2.0NRT,297.65,3.26,D
19.08938,76.21931,338.16,0.39,0.36,2026-10-07,0818,N,nominal,2.0NRT,308.53,3.45,D
19.14337,76.02483,341.87,0.39,0.36,2026-10-07,0818,N,nominal,2.0NRT,304.5,2.91,D
19.31896,76.91225,337.34,0.38,0.36,2026-10-07,0818,N,low,2.0NRT,309.69,3.06,D
18.68109,73.03464,336.3,0.5,0.41,2026-10-07,0818,N,nominal,2.0NRT,302.32,3.26,D
19.79181,78.55225,338.39,0.41,0.37,2026-10-07,0818,N,nominal,2.0NRT,304.86,3.55,D
19.96319,79.33321,333.69,0.43,0.38,2026-10-07,0818,N,nominal,2.0NRT,302.4,2.84,D
20.79288,85.25482,339.56,0.32,0.55,2026-10-07,0818,N,nominal,2.0NRT,297.81,6.48,D
19.38283,74.57294,343.8,0.42,0.38,2026-10-07,0818,N,nominal,2.0NRT,306.36,4.06,D
20.96538,86.01336,340.23,0.36,0.57,2026-10-07,0818,N,nominal,2.0NRT,299.64,8.19,D
20.96465,86.00629,350.84,0.36,0.57,2026-10-07,0818,N,nominal,2.0NRT,298.19,10.39,D
20.96271,86.00835,343.17,0.36,0.57,2026-10-07,0818,N,nominal,2.0NRT,298.49,7.1,D
20.96873,86.01492,333.04,0.36,0.57,2026-10-07,0818,N,nominal,2.0NRT,299.16,4.37,D
20.96839,86.01136,334.61,0.36,0.57,2026-10-07,0818,N,nominal,2.0NRT,299.47,4.37,D
20.14947,78.88996,330.39,0.42,0.38,2026-10-07,0818,N,nominal,2.0NRT,303.63,2.07,D
20.96733,85.17567,329.22,0.32,0.54,2026-10-07,0818,N,nominal,2.0NRT,295.36,4.87,D
20.967,85.17259,332.46,0.32,0.54,2026-10-07,0818,N,nominal,2.0NRT,295.41,3.72,D
20.97239,85.17517,330.36,0.32,0.54,2026-10-07,0818,N,nominal,2.0NRT,296.21,3.46,D
21.07891,85.03384,333.22,0.63,0.54,2026-10-07,0818,N,nominal,2.0NRT,301.05,7.55,D
20.69633,78.63895,335.14,0.42,0.37,2026-10-07,0818,N,low,2.0NRT,308.36,4.68,D
20.15537,74.23093,334.28,0.43,0.38,2026-10-07,0818,N,nominal,2.0NRT,300.16,2.8,D
20.4089,75.12548,337.67,0.4,0.37,2026-10-07,0818,N,low,2.0NRT,310.74,6.56,D
21.76127,84.02175,341.15,0.55,0.51,2026-10-07,0818,N,nominal,2.0NRT,297.81,9.47,D
21.74642,83.84132,336.53,0.53,0.5,2026-10-07,0818,N,nominal,2.0NRT,300.95,4.29,D
21.75635,83.84553,329.64,0.54,0.5,2026-10-07,0818,N,nominal,2.0NRT,299.22,10.13,D
20.7383,75.61084,336.03,0.39,0.36,2026-10-07,0818,N,nominal,2.0NRT,305.17,2.34,D
20.51561,74.11891,334.98,0.43,0.38,2026-10-07,0818,N,nominal,2.0NRT,306.63,3.43,D
20.89889,75.49337,332.48,0.39,0.36,2026-10-07,0818,N,low,2.0NRT,305.19,1.57,D
21.14982,76.91602,330.36,0.39,0.36,2026-10-07,0818,N,low,2.0NRT,305.04,1.4,D
22.03919,83.72762,332.7,0.53,0.5,2026-10-07,0818,N,nominal,2.0NRT,297.26,3.63,D
21.17123,76.14476,333.61,0.38,0.36,2026-10-07,0818,N,low,2.0NRT,308.59,1.29,D
21.08123,75.37554,334.44,0.39,0.36,2026-10-07,0818,N,low,2.0NRT,309.11,3.36,D
21.18402,75.96451,331.73,0.39,0.36,2026-10-07,0818,N,low,2.0NRT,306.24,0.8,D
21.21273,76.04302,335.19,0.38,0.36,2026-10-07,0818,N,nominal,2.0NRT,304.59,1.16,D
21.15744,75.66899,332.25,0.39,0.36,2026-10-07,0818,N,nominal,2.0NRT,306.19,2.14,D
21.10339,75.15893,334.12,0.4,0.37,2026-10-07,0818,N,low,2.0NRT,308.97,2.5,D
21.10278,75.15515,338.29,0.4,0.37,2026-10-07,0818,N,nominal,2.0NRT,310.01,2.5,D
21.30017,76.10332,332.28,0.38,0.36,2026-10-07,0818,N,low,2.0NRT,307.03,0.42,D
21.16578,75.08514,334.43,0.4,0.37,2026-10-07,0818,N,low,2.0NRT,306.76,1.8,D
21.25879,75.38605,342.09,0.39,0.36,2026-10-07,0818,N,nominal,2.0NRT,308.11,3.51,D
22.35872,82.30399,338.6,0.44,0.46,2026-10-07,0818,N,nominal,2.0NRT,304.35,9.14,D
21.68766,76.599,340.44,0.38,0.36,2026-10-07,0818,N,nominal,2.0NRT,306.89,4.21,D
21.10598,72.64908,333.95,0.48,0.4,2026-10-07,0818,N,low,2.0NRT,306.08,15.7,D
21.10517,72.64448,340.53,0.48,0.4,2026-10-07,0818,N,nominal,2.0NRT,308,15.7,D
21.10353,72.63525,347.71,0.48,0.4,2026-10-07,0818,N,nominal,2.0NRT,304.72,8.87,D
21.79509,76.39445,336.62,0.38,0.36,2026-10-07,0818,N,nominal,2.0NRT,308.95,3.15,D
21.7097,75.64572,336.56,0.39,0.36,2026-10-07,0818,N,nominal,2.0NRT,307.5,1.99,D
21.77198,75.84802,336.65,0.39,0.36,2026-10-07,0818,N,nominal,2.0NRT,308.82,3.36,D
21.85634,75.84785,337.43,0.39,0.36,2026-10-07,0818,N,nominal,2.0NRT,309.57,2.43,D
22.00521,76.44094,346.26,0.38,0.36,2026-10-07,0818,N,nominal,2.0NRT,312.11,5.73,D
22.2139,77.20172,333.48,0.39,0.36,2026-10-07,0818,N,low,2.0NRT,305.78,1.5,D
22.19329,77.06221,338.88,0.39,0.36,2026-10-07,0818,N,low,2.0NRT,311.71,3.29,D
22.24312,77.03799,335.81,0.39,0.36,2026-10-07,0818,N,low,2.0NRT,310.71,2.07,D
22.2592,77.05457,341.21,0.39,0.36,2026-10-07,0818,N,nominal,2.0NRT,308.6,3.45,D
22.2753,77.07112,338.15,0.39,0.36,2026-10-07,0818,N,low,2.0NRT,308.79,2.08,D
22.27474,77.06736,335.56,0.39,0.36,2026-10-07,0818,N,low,2.0NRT,309.78,2.36,D
22.28962,76.93764,330.28,0.39,0.36,2026-10-07,0818,N,nominal,2.0NRT,303.12,1.51,D
22.35264,77.2713,344.66,0.39,0.36,2026-10-07,0818,N,nominal,2.0NRT,309.54,4.04,D
22.35825,77.22433,337.13,0.39,0.36,2026-10-07,0818,N,nominal,2.0NRT,306.96,1.31,D
22.42837,77.16583,340.57,0.39,0.36,2026-10-07,0818,N,nominal,2.0NRT,309.63,2.36,D
22.44808,76.96092,336.84,0.39,0.36,2026-10-07,0818,N,nominal,2.0NRT,306.45,2.96,D
22.20611,75.37877,337.96,0.39,0.36,2026-10-07,0818,N,low,2.0NRT,309.95,3.42,D
22.43021,76.74855,337.15,0.39,0.36,2026-10-07,0818,N,low,2.0NRT,307.49,3.07,D
23.16588,82.34039,330.91,0.45,0.47,2026-10-07,0818,N,nominal,2.0NRT,296.28,5.67,D
22.42567,76.67262,331.17,0.39,0.36,2026-10-07,0818,N,low,2.0NRT,303.96,2.04,D
22.5359,77.27995,337.97,0.39,0.36,2026-10-07,0818,N,nominal,2.0NRT,310.1,1.73,D
22.57192,77.25431,350.66,0.39,0.36,2026-10-07,0818,N,nominal,2.0NRT,308.19,4.98,D
22.57527,77.25375,339.49,0.39,0.36,2026-10-07,0818,N,nominal,2.0NRT,305.97,4.98,D
22.59637,77.32849,335.81,0.4,0.37,2026-10-07,0818,N,nominal,2.0NRT,307.29,2.15,D
22.63825,77.33322,343.29,0.4,0.37,2026-10-07,0818,N,nominal,2.0NRT,308.43,3.49,D
22.5709,76.8742,337.24,0.39,0.36,2026-10-07,0818,N,low,2.0NRT,310.57,6.11,D
21.65055,71.23047,336.32,0.56,0.43,2026-10-07,0818,N,nominal,2.0NRT,303.09,5.58,D
22.68337,77.20803,337.23,0.39,0.36,2026-10-07,0818,N,nominal,2.0NRT,306.41,2.85,D
23.76536,86.40282,327.13,0.41,0.61,2026-10-07,0818,N,nominal,2.0NRT,293.38,4.59,D
23.8044,86.32858,329.5,0.41,0.6,2026-10-07,0818,N,nominal,2.0NRT,293.85,4.68,D
22.70098,76.79374,337.76,0.39,0.36,2026-10-07,0818,N,low,2.0NRT,309.25,3.69,D
22.70042,76.78998,334.56,0.39,0.36,2026-10-07,0818,N,low,2.0NRT,309.12,3.69,D
22.78087,77.13346,336.1,0.39,0.36,2026-10-07,0820,N,nominal,2.0NRT,307.6,2.23,D
22.70332,76.44808,339.02,0.39,0.36,2026-10-07,0820,N,low,2.0NRT,311.73,6.56,D
23.14641,79.44753,333.06,0.47,0.4,2026-10-07,0820,N,low,2.0NRT,303.64,2.96,D
22.26491,73.51752,333.96,0.43,0.38,2026-10-07,0820,N,low,2.0NRT,308.8,0.95,D
22.26909,73.521,336.95,0.43,0.38,2026-10-07,0820,N,low,2.0NRT,309.21,6.09,D
22.66036,75.66074,336.94,0.38,0.36,2026-10-07,0820,N,low,2.0NRT,309.86,2.77,D
22.79249,76.09946,335.62,0.38,0.36,2026-10-07,0820,N,low,2.0NRT,309.63,1.54,D
22.7838,75.82207,341.9,0.38,0.36,2026-10-07,0820,N,nominal,2.0NRT,312.99,3.78,D
22.80374,75.92928,337.84,0.38,0.36,2026-10-07,0820,N,nominal,2.0NRT,310.32,2.18,D
22.7547,75.48248,341.42,0.39,0.36,2026-10-07,0820,N,nominal,2.0NRT,310.78,3.4,D
23.06936,76.84219,333.04,0.39,0.36,2026-10-07,0820,N,low,2.0NRT,307.9,4.14,D
22.8502,75.27219,334.71,0.39,0.36,2026-10-07,0820,N,low,2.0NRT,307.71,2.09,D
23.03306,75.96793,340.94,0.38,0.36,2026-10-07,0820,N,low,2.0NRT,314.82,2.35,D
22.95505,75.2914,338.15,0.39,0.36,2026-10-07,0820,N,low,2.0NRT,311.31,2.41,D
22.97077,75.2615,339.78,0.39,0.36,2026-10-07,0820,N,nominal,2.0NRT,314.53,3.03,D
23.0914,75.77367,338.8,0.38,0.36,2026-10-07,0820,N,low,2.0NRT,312.87,2.47,D
23.02933,75.27037,339.2,0.39,0.36,2026-10-07,0820,N,low,2.0NRT,311.33,4.58,D
23.35983,77.35493,334.75,0.4,0.37,2026-10-07,0820,N,low,2.0NRT,309.04,3.4,D
23.33936,77.09329,332.11,0.39,0.36,2026-10-07,0820,N,low,2.0NRT,306.59,1.72,D
23.08772,75.25189,337.21,0.39,0.36,2026-10-07,0820,N,nominal,2.0NRT,307.95,2.98,D
23.16156,75.61557,339.44,0.38,0.36,2026-10-07,0820,N,low,2.0NRT,313.15,2.54,D
23.52728,77.45509,338.08,0.4,0.37,2026-10-07,0820,N,nominal,2.0NRT,310.93,2.96,D
23.64861,78.24293,336.88,0.42,0.38,2026-10-07,0820,N,nominal,2.0NRT,306.42,4.74,D
23.24216,75.37008,342.37,0.39,0.36,2026-10-07,0820,N,nominal,2.0NRT,314.09,3.73,D
23.68678,78.2878,332.23,0.43,0.38,2026-10-07,0820,N,low,2.0NRT,305.92,3.23,D
23.68786,78.28808,331.45,0.43,0.38,2026-10-07,0820,N,low,2.0NRT,304.71,3.2,D
23.36741,76.03069,337.7,0.38,0.36,2026-10-07,0820,N,low,2.0NRT,310.12,2.75,D
23.67147,78.01244,333.78,0.42,0.37,2026-10-07,0820,N,low,2.0NRT,307.96,2.99,D
23.53194,77.02496,335.38,0.39,0.36,2026-10-07,0820,N,low,2.0NRT,309.82,1.77,D
23.68359,77.97292,330.52,0.42,0.37,2026-10-07,0820,N,low,2.0NRT,305.11,1.25,D
23.44061,75.91015,339.26,0.38,0.36,2026-10-07,0820,N,low,2.0NRT,312.47,3.83,D
23.35106,75.20296,340.3,0.39,0.36,2026-10-07,0820,N,nominal,2.0NRT,313.69,2.5,D
23.45296,75.76958,341.32,0.38,0.36,2026-10-07,0820,N,low,2.0NRT,312.43,5.36,D
23.87346,77.98949,332.27,0.42,0.38,2026-10-07,0820,N,low,2.0NRT,306.77,1.44,D
23.73399,76.7868,340.68,0.39,0.36,2026-10-07,0820,N,nominal,2.0NRT,310.79,3.73,D
23.99278,78.07169,333.93,0.42,0.38,2026-10-07,0820,N,nominal,2.0NRT,304.31,2,D
23.69006,75.88084,338.27,0.38,0.36,2026-10-07,0820,N,nominal,2.0NRT,310.69,2.03,D
23.94436,77.3983,330.69,0.4,0.37,2026-10-07,0820,N,low,2.0NRT,305.31,2.68,D
23.66702,75.48857,337.36,0.38,0.36,2026-10-07,0820,N,nominal,2.0NRT,312.17,1.88,D
22.97652,70.98911,332.45,0.55,0.43,2026-10-07,0820,N,nominal,2.0NRT,304.61,3.13,D
24.14961,77.56783,330.13,0.41,0.37,2026-10-07,0820,N,low,2.0NRT,303.7,4.28,D
24.48314,77.14733,347.16,0.4,0.37,2026-10-07,0820,N,nominal,2.0NRT,306.22,13.03,D
24.69402,77.5784,336.57,0.41,0.37,2026-10-07,0820,N,low,2.0NRT,308.54,6.41,D
23.31191,69.02473,345.44,0.47,0.48,2026-10-07,0820,N,nominal,2.0NRT,310.56,5.76,D
24.62971,76.69099,336.37,0.39,0.36,2026-10-07,0820,N,nominal,2.0NRT,308.41,1.98,D
24.6503,76.67627,337.81,0.39,0.36,2026-10-07,0820,N,nominal,2.0NRT,310.78,3.18,D
24.69833,76.81895,336.51,0.4,0.37,2026-10-07,0820,N,nominal,2.0NRT,309.1,2.01,D
24.47974,74.89939,346.25,0.39,0.36,2026-10-07,0820,N,nominal,2.0NRT,310.19,9.48,D
24.55424,75.27048,339.4,0.38,0.36,2026-10-07,0820,N,nominal,2.0NRT,309.73,3.13,D
24.76819,76.53298,333.47,0.39,0.36,2026-10-07,0820,N,low,2.0NRT,308.08,1.63,D
24.79226,76.62767,338.53,0.39,0.36,2026-10-07,0820,N,nominal,2.0NRT,310.91,2.24,D
24.84876,76.75697,348.68,0.39,0.37,2026-10-07,0820,N,nominal,2.0NRT,312.51,5.84,D
24.95185,77.1543,336.94,0.4,0.37,2026-10-07,0820,N,nominal,2.0NRT,308.26,1.77,D
24.92091,76.69691,334.56,0.39,0.36,2026-10-07,0820,N,low,2.0NRT,308.33,2.88,D
25.00735,76.91402,338.52,0.4,0.37,2026-10-07,0820,N,nominal,2.0NRT,308.4,2.66,D
24.975,76.69147,341.69,0.39,0.36,2026-10-07,0820,N,nominal,2.0NRT,309.65,3.84,D
24.95686,76.50783,338.56,0.39,0.36,2026-10-07,0820,N,low,2.0NRT,310.41,2.96,D
25.13193,77.70123,336.59,0.42,0.38,2026-10-07,0820,N,low,2.0NRT,307.87,4.87,D
25.02167,76.6713,347.73,0.39,0.36,2026-10-07,0820,N,nominal,2.0NRT,309.61,5.71,D
25.00455,76.45987,337.28,0.39,0.36,2026-10-07,0820,N,low,2.0NRT,310.41,2.43,D
24.6762,74.11398,338.12,0.4,0.37,2026-10-07,0820,N,nominal,2.0NRT,309.75,2.85,D
25.07391,76.33388,336.86,0.39,0.36,2026-10-07,0820,N,low,2.0NRT,310.75,3.11,D
25.10555,76.34011,338.38,0.39,0.36,2026-10-07,0820,N,low,2.0NRT,311.18,3.28,D
25.16804,76.14778,340.22,0.39,0.36,2026-10-07,0820,N,nominal,2.0NRT,311.1,3.13,D
25.49779,76.64137,334.9,0.4,0.37,2026-10-07,0820,N,low,2.0NRT,308.4,3.09,D
24.21032,67.83912,340.73,0.53,0.5,2026-10-07,0820,N,nominal,2.0NRT,304.96,4.51,D
25.21248,72.46599,340.13,0.44,0.38,2026-10-07,0820,N,low,2.0NRT,312.18,1.82,D
25.84628,76.41676,347.42,0.39,0.36,2026-10-07,0820,N,nominal,2.0NRT,313.15,4.54,D
26.61864,80.9173,337.91,0.41,0.45,2026-10-07,0820,N,nominal,2.0NRT,295.59,2.89,D
26.34061,77.6833,333.58,0.43,0.38,2026-10-07,0820,N,low,2.0NRT,306.08,2.01,D
26.33946,77.67475,340.41,0.43,0.38,2026-10-07,0820,N,nominal,2.0NRT,308.12,4.19,D
26.34184,77.50948,335.67,0.42,0.38,2026-10-07,0820,N,nominal,2.0NRT,307.38,3.06,D
24.83063,68.08237,338.85,0.5,0.49,2026-10-07,0820,N,nominal,2.0NRT,303.33,4.47,D
25.37545,68.85245,333.2,0.44,0.46,2026-10-07,0820,N,nominal,2.0NRT,302.34,3.53,D
25.38729,68.58079,337.18,0.46,0.47,2026-10-07,0820,N,nominal,2.0NRT,303.71,3.11,D
25.80289,68.80363,332.37,0.44,0.46,2026-10-07,0820,N,low,2.0NRT,306.21,3.93,D
26.65517,72.31332,343.12,0.43,0.38,2026-10-07,0820,N,low,2.0NRT,313.78,2.36,D
27.58257,78.43676,331.25,0.47,0.4,2026-10-07,0820,N,nominal,2.0NRT,301.21,2.09,D
27.58236,78.43828,330.2,0.47,0.4,2026-10-07,0820,N,nominal,2.0NRT,301.31,2.74,D
26.64771,72.16384,336.47,0.43,0.38,2026-10-07,0820,N,low,2.0NRT,311.25,1.04,D
26.12466,68.81648,333.78,0.43,0.46,2026-10-07,0820,N,nominal,2.0NRT,303.32,2.75,D
27.22311,74.00657,346.1,0.39,0.36,2026-10-07,0820,N,nominal,2.0NRT,315.23,5.81,D
27.78417,77.6814,332.94,0.44,0.38,2026-10-07,0820,N,nominal,2.0NRT,303.37,1.33,D
26.9378,72.0814,343.56,0.44,0.38,2026-10-07,0820,N,low,2.0NRT,315.64,5.44,D
26.94128,72.08063,348.5,0.44,0.38,2026-10-07,0820,N,nominal,2.0NRT,316.34,5.44,D
27.86693,77.87592,331.01,0.45,0.39,2026-10-07,0820,N,low,2.0NRT,301.52,3.22,D
27.82602,77.48138,335.02,0.43,0.38,2026-10-07,0820,N,nominal,2.0NRT,304.51,2.45,D
27.03576,72.26681,344.48,0.43,0.38,2026-10-07,0820,N,nominal,2.0NRT,313.59,4.32,D
27.93583,77.90182,330.45,0.45,0.39,2026-10-07,0820,N,low,2.0NRT,301.36,2.1,D
27.11374,72.09019,349.55,0.43,0.38,2026-10-07,0820,N,nominal,2.0NRT,315.16,4.7,D
27.11298,72.08587,341.58,0.43,0.38,2026-10-07,0820,N,low,2.0NRT,315.7,4.69,D
27.95825,77.58655,332.76,0.44,0.38,2026-10-07,0820,N,low,2.0NRT,304.78,0.92,D
27.11721,72.08945,343.08,0.43,0.38,2026-10-07,0820,N,low,2.0NRT,315.04,4.7,D
28.05695,77.62602,333.93,0.44,0.38,2026-10-07,0820,N,nominal,2.0NRT,303.82,2.69,D
28.08758,77.77734,332.08,0.45,0.39,2026-10-07,0820,N,nominal,2.0NRT,300.53,1.86,D
27.23279,72.1058,340.38,0.43,0.38,2026-10-07,0820,N,low,2.0NRT,313.51,2.46,D
27.28333,72.08579,348.75,0.43,0.38,2026-10-07,0820,N,nominal,2.0NRT,313.95,4.4,D
27.28418,72.08715,346.81,0.43,0.38,2026-10-07,0820,N,nominal,2.0NRT,313.52,3.3,D
27.30439,72.14085,349.21,0.43,0.38,2026-10-07,0820,N,nominal,2.0NRT,314.07,4.23,D
27.34483,72.0425,345.68,0.43,0.38,2026-10-07,0820,N,nominal,2.0NRT,314.38,6.15,D
27.39128,72.22851,341.79,0.43,0.38,2026-10-07,0820,N,low,2.0NRT,313.83,2.65,D
27.38981,72.21997,349.13,0.43,0.38,2026-10-07,0820,N,nominal,2.0NRT,314.04,4.6,D
27.38908,72.2157,352.36,0.43,0.38,2026-10-07,0820,N,nominal,2.0NRT,313.69,3.81,D
27.39472,72.22775,339,0.43,0.38,2026-10-07,0820,N,low,2.0NRT,313.87,2.65,D
27.39326,72.21922,349.94,0.43,0.38,2026-10-07,0820,N,nominal,2.0NRT,314.46,4.6,D
27.39253,72.21495,355.73,0.43,0.38,2026-10-07,0820,N,nominal,2.0NRT,313.54,3.81,D
27.3918,72.21067,351.53,0.43,0.38,2026-10-07,0820,N,nominal,2.0NRT,313.95,3.81,D
27.39598,72.21419,347.23,0.43,0.38,2026-10-07,0820,N,nominal,2.0NRT,314.26,5.63,D
27.39451,72.20564,347.26,0.43,0.38,2026-10-07,0820,N,nominal,2.0NRT,315.33,3.89,D
27.39524,72.20992,357.61,0.43,0.38,2026-10-07,0820,N,low,2.0NRT,314.03,5.63,D
27.39723,72.20061,348.28,0.43,0.38,2026-10-07,0820,N,nominal,2.0NRT,315.76,3.89,D
27.3987,72.20916,356.92,0.43,0.38,2026-10-07,0820,N,low,2.0NRT,314.62,5.63,D
27.39796,72.20489,356.92,0.43,0.38,2026-10-07,0820,N,low,2.0NRT,314.49,3.89,D
27.40068,72.19985,357.16,0.43,0.38,2026-10-07,0820,N,low,2.0NRT,314.92,5.23,D
27.40633,72.21194,345.87,0.43,0.38,2026-10-07,0820,N,nominal,2.0NRT,314.72,3.96,D
27.40559,72.20766,355.96,0.43,0.38,2026-10-07,0820,N,nominal,2.0NRT,314.24,3.96,D
27.40486,72.20337,348.85,0.43,0.38,2026-10-07,0820,N,nominal,2.0NRT,315.31,5.23,D
27.40413,72.1991,354.9,0.43,0.38,2026-10-07,0820,N,nominal,2.0NRT,314.4,5.23,D
27.40905,72.2069,357.08,0.43,0.38,2026-10-07,0820,N,low,2.0NRT,314.4,8.66,D
27.40831,72.20263,357.1,0.43,0.38,2026-10-07,0820,N,low,2.0NRT,314.5,5.11,D
27.40758,72.19834,357.08,0.43,0.38,2026-10-07,0820,N,low,2.0NRT,314.23,5.11,D
27.41176,72.20187,355.29,0.43,0.38,2026-10-07,0820,N,nominal,2.0NRT,313.78,5.11,D
27.41103,72.19759,349.18,0.43,0.38,2026-10-07,0820,N,nominal,2.0NRT,314.9,5.11,D
27.41249,72.20615,357.09,0.43,0.38,2026-10-07,0820,N,low,2.0NRT,314.56,8.66,D
27.41084,72.20757,346.19,0.43,0.38,2026-10-07,0820,N,nominal,2.0NRT,315.14,3.17,D
27.4101,72.20329,354.87,0.43,0.38,2026-10-07,0820,N,nominal,2.0NRT,313.47,3.5,D
27.40935,72.19903,351.11,0.43,0.38,2026-10-07,0820,N,nominal,2.0NRT,313.44,3.5,D
27.41429,72.20682,347.63,0.43,0.38,2026-10-07,0820,N,nominal,2.0NRT,315.47,3.17,D
27.41355,72.20255,348.81,0.43,0.38,2026-10-07,0820,N,nominal,2.0NRT,314.42,3.5,D
27.41943,72.17467,345.57,0.43,0.38,2026-10-07,0820,N,nominal,2.0NRT,314.12,3.49,D
27.41794,72.16614,342.04,0.43,0.38,2026-10-07,0820,N,low,2.0NRT,313.31,3.72,D
27.42213,72.16965,338.74,0.43,0.38,2026-10-07,0820,N,low,2.0NRT,313.73,3.49,D
27.54051,72.46438,349.36,0.42,0.37,2026-10-07,0820,N,nominal,2.0NRT,313.33,3.19,D
27.5398,72.46019,351.82,0.42,0.37,2026-10-07,0820,N,nominal,2.0NRT,313.91,3.19,D
28.27134,77.24106,344.26,0.43,0.38,2026-10-07,0820,N,nominal,2.0NRT,305.14,4.72,D
27.54393,72.46365,346.63,0.42,0.37,2026-10-07,0820,N,nominal,2.0NRT,313.92,3.19,D
27.54735,72.46292,347.62,0.42,0.37,2026-10-07,0820,N,nominal,2.0NRT,314.12,3.56,D
27.54664,72.45873,353.26,0.42,0.37,2026-10-07,0820,N,nominal,2.0NRT,314.81,3.56,D
27.48507,72.09802,341.32,0.43,0.38,2026-10-07,0820,N,low,2.0NRT,315.06,2.74,D
27.55076,72.4622,347.69,0.42,0.37,2026-10-07,0820,N,nominal,2.0NRT,313.73,3.56,D
27.48927,72.10157,350.78,0.43,0.38,2026-10-07,0820,N,nominal,2.0NRT,314.44,5.14,D
27.48853,72.09727,341.54,0.43,0.38,2026-10-07,0820,N,low,2.0NRT,314.98,2.74,D
27.55006,72.458,357,0.42,0.37,2026-10-07,0820,N,low,2.0NRT,314.53,3.56,D
27.55418,72.46146,349.49,0.42,0.37,2026-10-07,0820,N,nominal,2.0NRT,314.13,2.65,D
27.55347,72.45727,340.92,0.42,0.37,2026-10-07,0820,N,low,2.0NRT,314.99,2.65,D
27.5576,72.46072,342.43,0.42,0.37,2026-10-07,0820,N,low,2.0NRT,314.42,2.65,D
27.55689,72.45654,350.45,0.42,0.37,2026-10-07,0820,N,nominal,2.0NRT,313.6,2.65,D
27.56314,72.47256,344.13,0.42,0.37,2026-10-07,0820,N,low,2.0NRT,314.86,5.44,D
27.56243,72.46837,344.6,0.42,0.37,2026-10-07,0820,N,nominal,2.0NRT,313.8,2.12,D
27.56172,72.46418,341.55,0.42,0.37,2026-10-07,0820,N,low,2.0NRT,314.48,2.12,D
27.56031,72.4558,352.31,0.42,0.37,2026-10-07,0820,N,nominal,2.0NRT,313.98,3.51,D
27.56585,72.46764,342.87,0.42,0.37,2026-10-07,0820,N,low,2.0NRT,314.74,2.12,D
27.56514,72.46345,340.83,0.42,0.37,2026-10-07,0820,N,low,2.0NRT,315.34,2.12,D
27.56444,72.45926,341.19,0.42,0.37,2026-10-07,0820,N,low,2.0NRT,314.08,3.51,D
27.56373,72.45507,341.26,0.42,0.37,2026-10-07,0820,N,low,2.0NRT,314.3,3.51,D
27.56479,72.46851,341.29,0.42,0.37,2026-10-07,0820,N,low,2.0NRT,313.88,6.52,D
27.56262,72.45596,341.25,0.42,0.37,2026-10-07,0820,N,low,2.0NRT,313.71,2.69,D
27.56676,72.45942,343.17,0.42,0.37,2026-10-07,0820,N,low,2.0NRT,313.34,2.69,D
27.56604,72.45523,340.02,0.42,0.37,2026-10-07,0820,N,low,2.0NRT,314.22,2.69,D
27.57018,72.45869,341.21,0.42,0.37,2026-10-07,0820,N,low,2.0NRT,314.37,2.92,D
27.56946,72.4545,342.22,0.42,0.37,2026-10-07,0820,N,low,2.0NRT,314.66,2.92,D
27.5951,72.25224,343.7,0.42,0.38,2026-10-07,0820,N,low,2.0NRT,314.2,3.4,D
27.59291,72.23948,340.76,0.42,0.38,2026-10-07,0820,N,low,2.0NRT,313.07,3.91,D
27.59854,72.25149,352.29,0.42,0.38,2026-10-07,0820,N,nominal,2.0NRT,313.8,3.84,D
27.59781,72.24724,346.72,0.42,0.38,2026-10-07,0820,N,nominal,2.0NRT,312.87,3.84,D
27.60489,72.26772,343.97,0.42,0.38,2026-10-07,0820,N,low,2.0NRT,315.45,2.59,D
27.60416,72.26348,342.22,0.42,0.38,2026-10-07,0820,N,low,2.0NRT,315.03,2.59,D
27.60198,72.25075,346.04,0.42,0.38,2026-10-07,0820,N,nominal,2.0NRT,313.29,3.84,D
27.60615,72.25425,344.06,0.42,0.38,2026-10-07,0820,N,nominal,2.0NRT,313.44,3.84,D
27.60469,72.24575,347.46,0.42,0.38,2026-10-07,0820,N,nominal,2.0NRT,313.17,6.36,D
27.60396,72.2415,345.43,0.42,0.38,2026-10-07,0820,N,nominal,2.0NRT,313.28,5.82,D
27.61176,72.26624,352.92,0.42,0.38,2026-10-07,0820,N,nominal,2.0NRT,313.77,6.23,D
27.60958,72.2535,350.65,0.42,0.38,2026-10-07,0820,N,nominal,2.0NRT,312.77,3.84,D
27.6152,72.26549,341.26,0.42,0.38,2026-10-07,0820,N,low,2.0NRT,313.52,3.29,D
28.87032,77.20425,334.2,0.43,0.38,2026-10-07,0820,N,nominal,2.0NRT,301.48,3.66,D
29.0563,77.25268,334.54,0.44,0.38,2026-10-07,0820,N,nominal,2.0NRT,300.84,5.29,D
27.65269,68.54085,334.49,0.42,0.45,2026-10-07,0820,N,low,2.0NRT,307.98,3.34,D
29.034,75.69624,343.45,0.39,0.37,2026-10-07,0820,N,nominal,2.0NRT,311.65,5.27,D
28.05189,69.37184,334.27,0.56,0.43,2026-10-07,0820,N,nominal,2.0NRT,304.18,5.36,D
29.36957,75.33394,333.02,0.39,0.36,2026-10-07,0820,N,low,2.0NRT,306.67,1.99,D
29.96034,74.98039,340.39,0.39,0.36,2026-10-07,0820,N,nominal,2.0NRT,302.24,8.28,D
30.34445,75.78986,332.94,0.4,0.37,2026-10-07,0822,N,nominal,2.0NRT,298.27,2.72,D
30.08007,73.41088,351.53,0.39,0.36,2026-10-07,0822,N,nominal,2.0NRT,304.81,9.8,D
30.09518,73.42006,331.04,0.39,0.36,2026-10-07,0822,N,nominal,2.0NRT,300.23,2.53,D
30.14112,73.52148,340.61,0.39,0.36,2026-10-07,0822,N,nominal,2.0NRT,301.25,4.47,D
30.00296,72.50093,333.64,0.4,0.37,2026-10-07,0822,N,nominal,2.0NRT,301.04,3.17,D
30.18686,73.48725,334.7,0.39,0.36,2026-10-07,0822,N,nominal,2.0NRT,302.61,3.04,D
30.19001,73.42086,342.22,0.39,0.36,2026-10-07,0822,N,nominal,2.0NRT,302.29,4.37,D
30.15317,73.03987,340.35,0.39,0.36,2026-10-07,0822,N,nominal,2.0NRT,302.71,4.21,D
29.62313,69.96725,336.19,0.49,0.4,2026-10-07,0822,N,nominal,2.0NRT,303.21,8.06,D
29.62226,69.96255,356.28,0.49,0.4,2026-10-07,0822,N,nominal,2.0NRT,309.08,7.8,D
29.6214,69.95791,332.27,0.49,0.4,2026-10-07,0822,N,nominal,2.0NRT,301.29,7.8,D
29.62599,69.96198,349.14,0.49,0.4,2026-10-07,0822,N,nominal,2.0NRT,307.69,78.53,D
29.62089,69.9651,346.71,0.49,0.4,2026-10-07,0822,N,nominal,2.0NRT,307.02,21.7,D
29.62462,69.96449,349.81,0.49,0.4,2026-10-07,0822,N,nominal,2.0NRT,303.09,21.7,D
29.62374,69.95984,355.96,0.49,0.4,2026-10-07,0822,N,nominal,2.0NRT,313.81,21.7,D
29.62748,69.95927,354.84,0.49,0.4,2026-10-07,0822,N,nominal,2.0NRT,304.17,47.73,D
30.18139,72.77522,350.33,0.39,0.36,2026-10-07,0822,N,nominal,2.0NRT,306.04,7.58,D
30.18472,72.7745,343.55,0.39,0.36,2026-10-07,0822,N,nominal,2.0NRT,302.03,7.58,D
30.26532,73.25275,340.18,0.39,0.36,2026-10-07,0822,N,nominal,2.0NRT,301.95,4.38,D
30.26863,73.25205,345.61,0.39,0.36,2026-10-07,0822,N,nominal,2.0NRT,303.16,4.38,D
30.31631,73.42345,343.1,0.39,0.36,2026-10-07,0822,N,nominal,2.0NRT,310.24,21.67,D
30.31568,73.41947,334.37,0.39,0.36,2026-10-07,0822,N,nominal,2.0NRT,303.28,21.67,D
30.39143,73.66769,331.44,0.38,0.36,2026-10-07,0822,N,low,2.0NRT,303.41,1.99,D
30.4206,73.57124,338.76,0.39,0.36,2026-10-07,0822,N,nominal,2.0NRT,303.99,3.94,D
30.41998,73.56726,337.08,0.39,0.36,2026-10-07,0822,N,nominal,2.0NRT,303.81,2.4,D
30.39048,73.37999,340.52,0.39,0.36,2026-10-07,0822,N,nominal,2.0NRT,307.57,13.86,D
30.33744,73.04761,339.63,0.39,0.36,2026-10-07,0822,N,nominal,2.0NRT,302.62,1.53,D
30.41627,73.4569,349.02,0.39,0.36,2026-10-07,0822,N,nominal,2.0NRT,304.78,5.11,D
30.41564,73.45291,336.85,0.39,0.36,2026-10-07,0822,N,nominal,2.0NRT,304.93,2.88,D
30.44164,73.57507,343.65,0.38,0.36,2026-10-07,0822,N,nominal,2.0NRT,305.63,11.06,D
30.50218,73.89924,333.07,0.38,0.36,2026-10-07,0822,N,nominal,2.0NRT,301.61,2.51,D
30.49175,73.83164,337.44,0.38,0.36,2026-10-07,0822,N,nominal,2.0NRT,303.96,7.57,D
30.49114,73.82767,337.88,0.38,0.36,2026-10-07,0822,N,nominal,2.0NRT,303.61,7.57,D
30.48211,73.74743,345.54,0.38,0.36,2026-10-07,0822,N,nominal,2.0NRT,303.63,7.88,D
30.3934,73.12327,334.39,0.39,0.36,2026-10-07,0822,N,nominal,2.0NRT,302.37,6.09,D
30.43002,73.3307,345.06,0.39,0.36,2026-10-07,0822,N,nominal,2.0NRT,306.27,11.35,D
30.43332,73.33001,337.9,0.39,0.36,2026-10-07,0822,N,nominal,2.0NRT,301.54,3.4,D
30.46187,73.48882,330.78,0.39,0.36,2026-10-07,0822,N,low,2.0NRT,302.33,2.39,D
30.50463,73.7184,346.93,0.38,0.36,2026-10-07,0822,N,nominal,2.0NRT,303.22,5.39,D
30.50793,73.71771,347.69,0.38,0.36,2026-10-07,0822,N,nominal,2.0NRT,300.46,6.77,D
30.56019,73.9902,341.07,0.38,0.36,2026-10-07,0822,N,nominal,2.0NRT,303.13,4.66,D
30.53285,73.79059,330.26,0.38,0.36,2026-10-07,0822,N,low,2.0NRT,300.57,2.39,D
30.70007,74.74068,332.02,0.39,0.36,2026-10-07,0822,N,nominal,2.0NRT,299.9,2.82,D
30.51687,73.44843,332.06,0.39,0.36,2026-10-07,0822,N,nominal,2.0NRT,303.24,1.83,D
30.5932,73.80688,337.79,0.38,0.36,2026-10-07,0822,N,nominal,2.0NRT,304.2,3.77,D
30.63319,74.04508,334.77,0.38,0.36,2026-10-07,0822,N,nominal,2.0NRT,302.81,2.98,D
30.39311,72.41794,332.65,0.4,0.37,2026-10-07,0822,N,low,2.0NRT,303.11,2.84,D
30.60561,73.62768,332.13,0.38,0.36,2026-10-07,0822,N,low,2.0NRT,303.05,3.59,D
30.60499,73.6237,341.44,0.38,0.36,2026-10-07,0822,N,nominal,2.0NRT,304.88,3.59,D
30.66427,73.54543,334.18,0.38,0.36,2026-10-07,0822,N,nominal,2.0NRT,302.22,4.29,D
30.66364,73.54144,334.34,0.38,0.36,2026-10-07,0822,N,nominal,2.0NRT,302.62,3.75,D
30.72667,73.88222,335.31,0.38,0.36,2026-10-07,0822,N,nominal,2.0NRT,302.81,4.71,D
30.68994,73.60223,343.17,0.38,0.36,2026-10-07,0822,N,nominal,2.0NRT,304.05,5.39,D
30.51891,72.53961,339.57,0.4,0.37,2026-10-07,0822,N,nominal,2.0NRT,302.43,3.53,D
30.72419,73.80088,330.77,0.38,0.36,2026-10-07,0822,N,nominal,2.0NRT,302.51,1.57,D
30.70133,73.50096,334.86,0.38,0.36,2026-10-07,0822,N,nominal,2.0NRT,303.01,2.12,D
30.70463,73.50027,340.99,0.38,0.36,2026-10-07,0822,N,nominal,2.0NRT,303.4,3.33,D
30.77625,73.85184,337.1,0.38,0.36,2026-10-07,0822,N,nominal,2.0NRT,301.75,1.8,D
30.85984,74.35784,336.56,0.39,0.36,2026-10-07,0822,N,nominal,2.0NRT,302.12,8.1,D
30.79716,73.9216,345.7,0.38,0.36,2026-10-07,0822,N,nominal,2.0NRT,302.76,9.27,D
30.82239,74.06459,335.64,0.38,0.36,2026-10-07,0822,N,nominal,2.0NRT,302.97,4.79,D
30.82178,74.0606,331.07,0.38,0.36,2026-10-07,0822,N,nominal,2.0NRT,300.86,2.77,D
31.01438,75.3229,337.39,0.4,0.37,2026-10-07,0822,N,nominal,2.0NRT,299.88,7.58,D
30.77818,73.6662,338.22,0.38,0.36,2026-10-07,0822,N,nominal,2.0NRT,302.46,3.39,D
30.54984,72.20385,334.07,0.4,0.37,2026-10-07,0822,N,nominal,2.0NRT,299.35,3.77,D
30.82561,73.90752,332.24,0.38,0.36,2026-10-07,0822,N,nominal,2.0NRT,301.43,1.45,D
30.82692,73.84962,335.61,0.38,0.36,2026-10-07,0822,N,nominal,2.0NRT,299.65,10.61,D
30.82631,73.84563,336.2,0.38,0.36,2026-10-07,0822,N,nominal,2.0NRT,307.26,16.7,D
30.82469,73.81302,348.32,0.38,0.36,2026-10-07,0822,N,nominal,2.0NRT,302.66,4.58,D
30.89725,74.27217,340.04,0.39,0.36,2026-10-07,0822,N,nominal,2.0NRT,300.23,3.65,D
30.82742,73.81264,348.76,0.38,0.36,2026-10-07,0822,N,nominal,2.0NRT,303.06,9.74,D
30.76211,73.28603,336.28,0.39,0.36,2026-10-07,0822,N,nominal,2.0NRT,302.29,3.34,D
30.93478,74.31819,335.41,0.39,0.36,2026-10-07,0822,N,nominal,2.0NRT,301.29,2.16,D
30.57362,72.05206,332.56,0.4,0.37,2026-10-07,0822,N,nominal,2.0NRT,297.92,2,D
30.9798,74.43739,330.47,0.39,0.36,2026-10-07,0822,N,low,2.0NRT,302.86,2.42,D
30.84077,73.43884,332.36,0.39,0.36,2026-10-07,0822,N,nominal,2.0NRT,303.86,1.79,D
31.08374,74.68396,334.47,0.39,0.36,2026-10-07,0822,N,nominal,2.0NRT,301.67,2.54,D
31.07077,74.54913,330.52,0.39,0.36,2026-10-07,0822,N,low,2.0NRT,302.07,1.47,D
31.01474,74.15052,333.81,0.38,0.36,2026-10-07,0822,N,nominal,2.0NRT,300.95,1.94,D
31.07144,74.50743,344.27,0.39,0.36,2026-10-07,0822,N,nominal,2.0NRT,300.62,3.94,D
31.07892,74.53503,331.25,0.39,0.36,2026-10-07,0822,N,low,2.0NRT,302.85,3.12,D
31.10874,74.69154,338.3,0.39,0.36,2026-10-07,0822,N,nominal,2.0NRT,300.98,3.88,D
31.10553,74.64629,346.05,0.39,0.36,2026-10-07,0822,N,nominal,2.0NRT,305.91,15.46,D
31.11157,74.64092,332.45,0.39,0.36,2026-10-07,0822,N,nominal,2.0NRT,301.64,2.07,D
31.10978,74.62878,336.05,0.39,0.36,2026-10-07,0822,N,nominal,2.0NRT,300.81,3.88,D
31.12534,74.68825,334.12,0.39,0.36,2026-10-07,0822,N,nominal,2.0NRT,301.39,2.7,D
31.07036,74.31693,333.92,0.39,0.36,2026-10-07,0822,N,nominal,2.0NRT,300.72,4.62,D
31.12033,74.63084,334.66,0.39,0.36,2026-10-07,0822,N,nominal,2.0NRT,301.72,3.21,D
31.11973,74.6268,335.19,0.39,0.36,2026-10-07,0822,N,nominal,2.0NRT,301.82,3.21,D
30.92621,73.26896,334.62,0.39,0.36,2026-10-07,0822,N,nominal,2.0NRT,299.71,2.04,D
30.97345,73.54845,336.27,0.38,0.36,2026-10-07,0822,N,nominal,2.0NRT,301.58,2.06,D
30.98147,73.27815,333.64,0.39,0.36,2026-10-07,0822,N,nominal,2.0NRT,301.58,1.62,D
31.20447,74.24034,337.38,0.39,0.36,2026-10-07,0822,N,nominal,2.0NRT,302.37,9.56,D
31.32873,75.01426,332.66,0.39,0.36,2026-10-07,0822,N,nominal,2.0NRT,299.33,2.14,D
31.33072,75.01452,332.4,0.39,0.36,2026-10-07,0822,N,nominal,2.0NRT,299.35,2.83,D
31.33363,74.53912,343.51,0.39,0.36,2026-10-07,0822,N,nominal,2.0NRT,300.16,3.17,D
31.12741,73.18935,335.59,0.39,0.36,2026-10-07,0822,N,nominal,2.0NRT,301.85,3.97,D
31.40207,74.77271,341.06,0.39,0.36,2026-10-07,0822,N,nominal,2.0NRT,301.09,5.09,D
31.40399,74.77277,333.8,0.39,0.36,2026-10-07,0822,N,nominal,2.0NRT,299.89,2.9,D
31.46008,75.11741,335.6,0.4,0.37,2026-10-07,0822,N,nominal,2.0NRT,300.87,3.54,D
31.3737,74.44807,332.96,0.39,0.36,2026-10-07,0822,N,nominal,2.0NRT,301.12,2.59,D
31.30347,73.84418,334.74,0.38,0.36,2026-10-07,0822,N,nominal,2.0NRT,300.98,3.76,D
31.51602,75.05118,331.12,0.39,0.37,2026-10-07,0822,N,nominal,2.0NRT,301.03,2.24,D
31.17012,72.46842,330.05,0.39,0.36,2026-10-07,0822,N,low,2.0NRT,300.46,1.54,D
31.53878,74.6717,332.71,0.39,0.36,2026-10-07,0822,N,nominal,2.0NRT,298.41,1.9,D
31.54686,74.70376,333.54,0.39,0.36,2026-10-07,0822,N,nominal,2.0NRT,299.11,2.51,D
31.53663,74.51689,332.9,0.39,0.36,2026-10-07,0822,N,nominal,2.0NRT,300.44,2,D
31.56436,74.51972,332.67,0.39,0.36,2026-10-07,0822,N,nominal,2.0NRT,298.87,2.4,D
31.68456,75.05441,334.07,0.4,0.37,2026-10-07,0822,N,nominal,2.0NRT,301.08,2.48,D
31.68396,75.05025,337.05,0.4,0.37,2026-10-07,0822,N,nominal,2.0NRT,302.37,2.48,D
31.52952,73.92725,342.88,0.38,0.36,2026-10-07,0822,N,nominal,2.0NRT,302.71,5.71,D
31.58959,74.12259,341.34,0.39,0.36,2026-10-07,0822,N,nominal,2.0NRT,298.91,3.94,D
31.6928,74.7765,341.79,0.39,0.36,2026-10-07,0822,N,nominal,2.0NRT,303.39,6.09,D
31.74856,75.02059,338.71,0.4,0.37,2026-10-07,0822,N,nominal,2.0NRT,301.78,3.06,D
31.69488,74.51545,330.34,0.39,0.36,2026-10-07,0822,N,nominal,2.0NRT,298.43,1.22,D
31.75191,74.86307,335.91,0.39,0.36,2026-10-07,0822,N,nominal,2.0NRT,301.85,2.75,D
31.38558,72.47681,343.69,0.39,0.36,2026-10-07,0822,N,nominal,2.0NRT,300.63,6.19,D
31.79113,74.70696,332.18,0.39,0.36,2026-10-07,0822,N,nominal,2.0NRT,299.67,1.79,D
31.40612,72.2033,332.94,0.4,0.37,2026-10-07,0822,N,nominal,2.0NRT,300.69,2.52,D
31.80039,74.5827,334.4,0.39,0.36,2026-10-07,0822,N,nominal,2.0NRT,300.42,19.35,D
31.71511,73.74411,337.32,0.38,0.36,2026-10-07,0822,N,nominal,2.0NRT,298.94,3.64,D
31.71841,73.74342,345.4,0.38,0.36,2026-10-07,0822,N,nominal,2.0NRT,296.84,10.53,D
31.78257,74.10059,339.14,0.39,0.36,2026-10-07,0822,N,nominal,2.0NRT,300.64,3.49,D
31.83198,74.34139,345.99,0.39,0.36,2026-10-07,0822,N,nominal,2.0NRT,299.72,7.21,D
31.91215,74.84476,332.24,0.39,0.36,2026-10-07,0822,N,nominal,2.0NRT,300.13,1.96,D
31.80784,74.13297,337.31,0.39,0.36,2026-10-07,0822,N,nominal,2.0NRT,300.95,6.53,D
31.91549,74.8441,333.78,0.39,0.36,2026-10-07,0822,N,nominal,2.0NRT,299.46,2.55,D
31.90655,74.78204,330.04,0.39,0.36,2026-10-07,0822,N,nominal,2.0NRT,299.11,1.3,D
31.85877,74.40732,330.93,0.39,0.36,2026-10-07,0822,N,nominal,2.0NRT,298.07,1.73,D
31.85847,74.38218,330.23,0.39,0.36,2026-10-07,0822,N,nominal,2.0NRT,299.06,2,D
31.84741,74.10445,338.7,0.39,0.36,2026-10-07,0822,N,nominal,2.0NRT,301.94,2.83,D
31.81891,73.80195,345.23,0.38,0.36,2026-10-07,0822,N,nominal,2.0NRT,300.34,13.22,D
32.0274,74.98964,342.3,0.4,0.37,2026-10-07,0822,N,nominal,2.0NRT,299.43,6.57,D
31.88692,74.00449,339.94,0.39,0.36,2026-10-07,0822,N,nominal,2.0NRT,300.92,10.05,D
31.89784,73.69906,337.35,0.38,0.36,2026-10-07,0822,N,nominal,2.0NRT,297.83,5.8,D
31.89722,73.69502,346.56,0.38,0.36,2026-10-07,0822,N,nominal,2.0NRT,299.06,5.01,D
32.0087,74.34927,334.4,0.39,0.36,2026-10-07,0822,N,nominal,2.0NRT,298.5,3.05,D
31.91455,73.60807,336.94,0.38,0.36,2026-10-07,0822,N,nominal,2.0NRT,295.6,3.48,D
31.95191,73.80863,334.26,0.38,0.36,2026-10-07,0822,N,nominal,2.0NRT,300.03,3.06,D
31.76119,72.21158,342.34,0.4,0.37,2026-10-07,0822,N,nominal,2.0NRT,303.06,7.02,D
32.17188,74.44336,334.04,0.39,0.36,2026-10-07,0822,N,nominal,2.0NRT,298.51,3.28,D
32.16872,73.76414,333.19,0.38,0.36,2026-10-07,0822,N,nominal,2.0NRT,299.75,1.93,D
32.19465,73.80054,354.57,0.38,0.36,2026-10-07,0822,N,nominal,2.0NRT,302.48,13.22,D
32.22923,73.9398,333.12,0.39,0.36,2026-10-07,0822,N,nominal,2.0NRT,298.98,2.87,D
32.22863,73.93574,339.53,0.39,0.36,2026-10-07,0822,N,nominal,2.0NRT,301.44,4.05,D
32.20562,73.76059,347.25,0.38,0.36,2026-10-07,0822,N,nominal,2.0NRT,300.62,7.48,D
32.2397,73.69547,348.29,0.38,0.36,2026-10-07,0822,N,nominal,2.0NRT,301.4,7.89,D
32.2663,73.849,335.1,0.38,0.36,2026-10-07,0822,N,nominal,2.0NRT,297.44,3.32,D
32.29056,73.96545,333.99,0.39,0.36,2026-10-07,0822,N,nominal,2.0NRT,297.78,2.44,D
32.2929,73.93559,333.98,0.39,0.36,2026-10-07,0822,N,nominal,2.0NRT,298.33,2.73,D
32.34357,74.04689,343.53,0.39,0.36,2026-10-07,0822,N,nominal,2.0NRT,303.18,18.36,D
32.31036,73.3384,332.53,0.38,0.36,2026-10-07,0822,N,nominal,2.0NRT,298.75,2.03,D
32.63418,71.07067,334.98,0.41,0.37,2026-10-07,0822,N,nominal,2.0NRT,302.19,3.33,D
32.63758,71.06987,330.41,0.41,0.37,2026-10-07,0822,N,low,2.0NRT,301.01,1.91,D
32.66302,68.12301,337.91,0.54,0.42,2026-10-07,0822,N,nominal,2.0NRT,309.86,3.15,D
32.66353,68.12059,336.4,0.54,0.42,2026-10-07,0822,N,low,2.0NRT,310.64,2.38,D
34.12964,74.07207,333.17,0.39,0.36,2026-10-07,0822,N,nominal,2.0NRT,299.83,1.54,D
34.15234,73.85137,332.67,0.39,0.36,2026-10-07,0822,N,nominal,2.0NRT,305.51,3.31,D
38.35131,66.3129,335.33,0.52,0.41,2026-10-07,0824,N,nominal,2.0NRT,298.81,3.26,D
37.67306,59.98146,337.78,0.37,0.58,2026-10-07,0824,N,nominal,2.0NRT,292.24,1.89,D
21.83464,56.67964,345.52,0.42,0.45,2026-10-07,1000,N,low,2.0NRT,317.71,1.49,D
21.93633,57.07553,346.44,0.44,0.46,2026-10-07,1000,N,low,2.0NRT,317.2,4.45,D
22.16834,57.38763,345.75,0.46,0.47,2026-10-07,1000,N,low,2.0NRT,318.14,1.38,D
22.29145,56.529,342.22,0.41,0.45,2026-10-07,1000,N,low,2.0NRT,317.05,0.82,D
22.32908,56.49163,345.57,0.41,0.45,2026-10-07,1000,N,low,2.0NRT,316.95,1.42,D
22.32663,56.47146,345.71,0.41,0.45,2026-10-07,1000,N,nominal,2.0NRT,316.69,1,D
22.40627,56.99109,345.66,0.44,0.46,2026-10-07,1000,N,low,2.0NRT,316.61,2.95,D
22.4397,56.70004,347.59,0.42,0.45,2026-10-07,1000,N,nominal,2.0NRT,318.67,13.9,D
22.4439,56.69946,342.68,0.42,0.45,2026-10-07,1000,N,low,2.0NRT,317.14,11.66,D
22.87903,55.92993,346.89,0.39,0.44,2026-10-07,1000,N,low,2.0NRT,320.13,1.51,D
22.87857,55.92615,348.23,0.39,0.44,2026-10-07,1000,N,nominal,2.0NRT,321.73,1.51,D
24.50435,56.60619,345.46,0.44,0.46,2026-10-07,1000,N,nominal,2.0NRT,312.24,5.19,D
24.5022,56.60706,339.65,0.44,0.46,2026-10-07,1000,N,low,2.0NRT,311.61,3.32,D
24.50649,56.6065,343.21,0.44,0.46,2026-10-07,1000,N,nominal,2.0NRT,310.34,3.32,D
27.07087,59.07869,367,0.34,0.56,2026-10-07,1002,N,high,2.0NRT,320.58,7.84,D
27.07118,59.08216,350.44,0.34,0.56,2026-10-07,1002,N,nominal,2.0NRT,319.19,7.84,D
27.16806,56.09764,342.96,0.45,0.47,2026-10-07,1002,N,low,2.0NRT,314.83,13.38,D
27.16796,56.05628,345.06,0.44,0.46,2026-10-07,1002,N,nominal,2.0NRT,315.01,13.27,D
18.01246,54.57372,352.38,0.44,0.38,2026-10-07,0958,N,nominal,2.0NRT,326.26,34.8,D
18.03244,54.64389,348.78,0.44,0.39,2026-10-07,0958,N,nominal,2.0NRT,314.64,7.01,D
18.03598,54.64336,338.69,0.44,0.39,2026-10-07,0958,N,low,2.0NRT,312.99,1.59,D
19.26924,56.17588,343.52,0.54,0.42,2026-10-07,1000,N,nominal,2.0NRT,311.92,3.8,D
20.21129,55.71296,341.88,0.52,0.42,2026-10-07,1000,N,low,2.0NRT,316.06,1.83,D
20.37575,55.93394,340.54,0.54,0.42,2026-10-07,1000,N,low,2.0NRT,314.27,0.76,D
20.38626,55.64642,341.7,0.52,0.42,2026-10-07,1000,N,low,2.0NRT,316.61,0.83,D
21.00265,56.53429,345.8,0.4,0.44,2026-10-07,1000,N,nominal,2.0NRT,316.16,3.36,D
21.00218,56.53044,346.1,0.4,0.44,2026-10-07,1000,N,nominal,2.0NRT,317.26,2.3,D
21.30312,57.79797,346.34,0.48,0.48,2026-10-07,1000,N,nominal,2.0NRT,316.27,0.98,D
21.31044,57.74527,343.77,0.48,0.48,2026-10-07,1000,N,low,2.0NRT,316.67,3.21,D
23.4864,87.36121,301,0.72,0.76,2026-10-07,1906,N,nominal,2.0NRT,286.68,1.43,N
21.90856,101.05141,300.83,0.39,0.36,2026-10-07,1906,N,nominal,2.0NRT,289.48,0.42,N
22.35582,96.70171,302.75,0.55,0.43,2026-10-07,1906,N,nominal,2.0NRT,289.55,1.32,N
22.21753,91.82703,303.05,0.37,0.58,2026-10-07,1906,N,nominal,2.0NRT,291.59,2.42,N
21.57756,96.23567,305.4,0.57,0.43,2026-10-07,1906,N,nominal,2.0NRT,293.36,1.6,N
20.99262,100.09821,298.48,0.39,0.36,2026-10-07,1906,N,nominal,2.0NRT,287.28,0.38,N
22.38066,87.27443,299.63,0.71,0.75,2026-10-07,1906,N,nominal,2.0NRT,282.89,2.33,N
22.38017,87.28164,300.17,0.71,0.75,2026-10-07,1906,N,nominal,2.0NRT,282.23,1.97,N
22.37604,87.27512,307.5,0.71,0.75,2026-10-07,1906,N,nominal,2.0NRT,285.06,2.02,N
22.37551,87.28232,302.13,0.71,0.75,2026-10-07,1906,N,nominal,2.0NRT,285.7,2.02,N
20.91954,98.48015,328.87,0.44,0.38,2026-10-07,1906,N,nominal,2.0NRT,290.14,3.5,N
20.73566,98.48442,321.72,0.44,0.38,2026-10-07,1906,N,nominal,2.0NRT,289.89,2.61,N
14.64989,101.04062,311.65,0.4,0.37,2026-10-07,1908,N,nominal,2.0NRT,293.05,1.04,N
14.64652,101.04005,306.17,0.4,0.37,2026-10-07,1908,N,nominal,2.0NRT,292.47,1.04,N
14.64377,101.03582,305.21,0.4,0.37,2026-10-07,1908,N,nominal,2.0NRT,292.7,0.88,N
14.63379,101.07536,311.55,0.4,0.37,2026-10-07,1908,N,nominal,2.0NRT,293.13,1.19,N
14.63015,101.09744,311.68,0.4,0.37,2026-10-07,1908,N,nominal,2.0NRT,292.71,0.85,N
14.56964,100.76512,315.27,0.39,0.36,2026-10-07,1908,N,nominal,2.0NRT,293.19,1.37,N
12.79672,101.24481,309.26,0.41,0.37,2026-10-07,1908,N,nominal,2.0NRT,291.73,1.01,N
36.59174,101.48892,299.54,0.47,0.4,2026-10-07,1902,N,nominal,2.0NRT,279.69,0.92,N
36.56828,101.52779,299.83,0.47,0.4,2026-10-07,1902,N,nominal,2.0NRT,279.37,1.02,N
29.74804,98.71752,295.21,0.53,0.42,2026-10-07,1904,N,nominal,2.0NRT,273.18,1.34,N
29.37636,91.15245,295.84,0.48,0.65,2026-10-07,1904,N,nominal,2.0NRT,275.05,1.6,N
29.37482,91.15131,304.56,0.48,0.65,2026-10-07,1904,N,nominal,2.0NRT,276.45,1.17,N
29.26262,91.92383,307.6,0.43,0.62,2026-10-07,1904,N,nominal,2.0NRT,278.55,1.35,N
27.98858,101.27762,298.3,0.4,0.37,2026-10-07,1904,N,nominal,2.0NRT,275.17,1.28,N
29.08545,88.00713,297.41,0.74,0.76,2026-10-07,1904,N,nominal,2.0NRT,273.72,2.44,N
27.49992,101.37869,295.58,0.4,0.37,2026-10-07,1904,N,nominal,2.0NRT,282.63,0.43,N
27.81081,96.06836,300.68,0.47,0.47,2026-10-07,1904,N,nominal,2.0NRT,288.57,0.56,N
26.96594,100.36016,298.51,0.42,0.38,2026-10-07,1904,N,nominal,2.0NRT,280.8,0.51,N
26.61947,101.59706,303.96,0.39,0.36,2026-10-07,1904,N,nominal,2.0NRT,287.1,0.5,N
26.63809,101.42673,303.02,0.39,0.37,2026-10-07,1904,N,nominal,2.0NRT,287.22,0.82,N
26.62332,101.45667,300.32,0.39,0.36,2026-10-07,1904,N,nominal,2.0NRT,286.47,0.4,N
26.62057,101.45199,305.36,0.39,0.37,2026-10-07,1904,N,nominal,2.0NRT,287.06,0.69,N
26.61998,101.45598,297.08,0.39,0.36,2026-10-07,1904,N,nominal,2.0NRT,285.83,0.69,N
26.58023,101.69825,301.92,0.39,0.36,2026-10-07,1904,N,nominal,2.0NRT,287.16,0.54,N
27.37663,95.33614,308.48,0.51,0.49,2026-10-07,1904,N,nominal,2.0NRT,290.17,1.41,N
26.58161,101.66637,298.54,0.39,0.36,2026-10-07,1904,N,nominal,2.0NRT,285.49,3.82,N
26.58101,101.67036,297.46,0.39,0.36,2026-10-07,1904,N,nominal,2.0NRT,284.63,0.85,N
26.57828,101.6657,344.59,0.39,0.36,2026-10-07,1904,N,nominal,2.0NRT,288.33,3.82,N
26.57768,101.66968,302.41,0.39,0.36,2026-10-07,1904,N,nominal,2.0NRT,287.9,0.85,N
26.57495,101.66506,320.18,0.39,0.36,2026-10-07,1904,N,nominal,2.0NRT,283.3,0.89,N
26.57553,101.66115,298.5,0.39,0.36,2026-10-07,1904,N,nominal,2.0NRT,281.92,0.89,N
26.57436,101.66902,316.38,0.39,0.36,2026-10-07,1904,N,nominal,2.0NRT,287.68,1.52,N
26.57162,101.66442,295.39,0.39,0.36,2026-10-07,1904,N,nominal,2.0NRT,280.4,0.89,N
26.57043,101.6723,305.9,0.39,0.36,2026-10-07,1904,N,nominal,2.0NRT,288.73,1.52,N
26.56651,101.67559,322.79,0.39,0.36,2026-10-07,1904,N,nominal,2.0NRT,291.51,1.77,N
26.56377,101.671,301.48,0.39,0.36,2026-10-07,1904,N,nominal,2.0NRT,287.46,1.35,N
26.56318,101.67492,317.8,0.39,0.36,2026-10-07,1904,N,nominal,2.0NRT,290.11,1.77,N
26.56259,101.67885,313.71,0.39,0.36,2026-10-07,1904,N,nominal,2.0NRT,290.31,1.77,N
26.66874,100.19466,295.98,0.43,0.38,2026-10-07,1904,N,nominal,2.0NRT,282.82,0.71,N
27.22318,95.34467,310.73,0.51,0.49,2026-10-07,1904,N,nominal,2.0NRT,290.8,0.98,N
25.5171,100.7271,295.7,0.4,0.37,2026-10-07,1904,N,nominal,2.0NRT,285.06,0.37,N
25.28853,100.54962,301.44,0.41,0.37,2026-10-07,1904,N,nominal,2.0NRT,285.98,0.52,N
25.0634,101.572,300.25,0.39,0.36,2026-10-07,1904,N,nominal,2.0NRT,285.9,1.03,N
25.38184,99.3074,300.12,0.45,0.39,2026-10-07,1904,N,nominal,2.0NRT,285.74,0.71,N
25.07222,99.28669,304.33,0.44,0.39,2026-10-07,1904,N,nominal,2.0NRT,285.63,1.25,N
25.54153,91.23428,307.22,0.44,0.62,2026-10-07,1906,N,nominal,2.0NRT,284.34,0.89,N
25.54118,91.23868,297.64,0.44,0.62,2026-10-07,1906,N,nominal,2.0NRT,284.03,0.89,N
39.42015,83.0829,296.77,0.4,0.37,2026-10-07,2042,N,nominal,2.0NRT,280.39,0.57,N
39.76049,63.30695,296.11,0.77,0.77,2026-10-07,2042,N,nominal,2.0NRT,274.78,1.87,N
39.76068,63.30859,295.92,0.77,0.77,2026-10-07,2042,N,nominal,2.0NRT,275.07,1.66,N
38.22127,77.09897,307.19,0.45,0.39,2026-10-07,2044,N,nominal,2.0NRT,285.44,1.47,N
38.21706,77.10337,300.96,0.45,0.39,2026-10-07,2044,N,nominal,2.0NRT,284.44,1,N
38.26001,69.36064,296.39,0.36,0.57,2026-10-07,2044,N,nominal,2.0NRT,282.41,0.83,N
38.34999,66.31335,334.28,0.53,0.67,2026-10-07,2044,N,nominal,2.0NRT,281.73,5.35,N
36.99785,80.19389,299.59,0.38,0.36,2026-10-07,2044,N,nominal,2.0NRT,281.79,0.85,N
37.30303,77.71921,297.54,0.42,0.38,2026-10-07,2044,N,nominal,2.0NRT,271.69,0.46,N
35.966,68.68555,306.97,0.37,0.58,2026-10-07,2044,N,nominal,2.0NRT,287.39,1.09,N
33.90244,71.9166,301.25,0.47,0.48,2026-10-07,2044,N,nominal,2.0NRT,289.84,0.37,N
33.68956,72.71231,302.57,0.42,0.45,2026-10-07,2044,N,nominal,2.0NRT,291.66,0.82,N
33.40798,71.94009,303.41,0.46,0.47,2026-10-07,2044,N,nominal,2.0NRT,290.55,0.82,N
33.40797,71.93827,305.15,0.46,0.47,2026-10-07,2044,N,nominal,2.0NRT,290.08,0.75,N
33.29786,71.185,306.8,0.51,0.49,2026-10-07,2044,N,nominal,2.0NRT,291.01,1.04,N
29.26415,91.92418,297.27,0.57,0.69,2026-10-07,2044,N,nominal,2.0NRT,277.79,2.07,N
32.57489,72.55978,305.6,0.42,0.45,2026-10-07,2044,N,nominal,2.0NRT,293.03,0.79,N
32.57441,72.56421,304.76,0.42,0.45,2026-10-07,2044,N,nominal,2.0NRT,293.69,0.79,N
32.08474,74.1607,305.39,0.51,0.41,2026-10-07,2044,N,nominal,2.0NRT,293.51,1.15,N
32.29227,70.73182,305.29,0.52,0.5,2026-10-07,2044,N,nominal,2.0NRT,294.42,1.32,N
31.32884,76.89368,301.49,0.4,0.37,2026-10-07,2044,N,nominal,2.0NRT,289.73,0.67,N
31.61711,74.37465,305.23,0.49,0.41,2026-10-07,2044,N,nominal,2.0NRT,294.08,1.08,N
31.60945,74.4053,305.45,0.49,0.4,2026-10-07,2044,N,nominal,2.0NRT,294.77,0.89,N
31.25039,76.92712,304.99,0.4,0.37,2026-10-07,2044,N,nominal,2.0NRT,287.87,0.69,N
28.85076,77.1472,308.2,0.39,0.36,2026-10-07,2046,N,nominal,2.0NRT,293.09,0.63,N
28.79723,77.07137,307,0.39,0.36,2026-10-07,2046,N,nominal,2.0NRT,295.13,0.93,N
29.63377,69.9654,340.17,0.54,0.51,2026-10-07,2046,N,nominal,2.0NRT,299.73,8.53,N
28.67094,77.5675,327.31,0.38,0.36,2026-10-07,2046,N,nominal,2.0NRT,293.25,2.28,N
29.63468,69.95596,307.17,0.54,0.51,2026-10-07,2046,N,nominal,2.0NRT,295.16,1.69,N
29.63422,69.96072,310.53,0.54,0.51,2026-10-07,2046,N,nominal,2.0NRT,296.36,8.53,N
29.62955,69.95977,324.24,0.54,0.51,2026-10-07,2046,N,nominal,2.0NRT,297.06,8.53,N
29.6291,69.96442,367,0.54,0.51,2026-10-07,2046,N,high,2.0NRT,303.29,8.53,N
29.63001,69.955,310.26,0.54,0.51,2026-10-07,2046,N,nominal,2.0NRT,295,1.69,N
29.62533,69.95399,314.43,0.54,0.51,2026-10-07,2046,N,nominal,2.0NRT,296.85,3.31,N
28.66371,77.57009,315.03,0.38,0.36,2026-10-07,2046,N,nominal,2.0NRT,293.35,0.98,N
28.65735,77.58902,309.59,0.38,0.36,2026-10-07,2046,N,nominal,2.0NRT,292.42,0.61,N
28.70746,76.85873,318.41,0.39,0.36,2026-10-07,2046,N,nominal,2.0NRT,293.81,1.68,N
25.54167,91.23464,295.06,0.63,0.72,2026-10-07,2046,N,nominal,2.0NRT,283.6,0.68,N
28.34603,77.25562,304.85,0.39,0.36,2026-10-07,2046,N,nominal,2.0NRT,294.2,0.75,N
28.34634,77.23142,325.81,0.39,0.36,2026-10-07,2046,N,nominal,2.0NRT,293.98,2.57,N
28.2759,77.27467,306.79,0.39,0.36,2026-10-07,2046,N,nominal,2.0NRT,294.01,0.81,N
27.66661,76.13063,314.12,0.4,0.37,2026-10-07,2046,N,nominal,2.0NRT,296.48,2.28,N
28.42471,69.69798,310.49,0.54,0.51,2026-10-07,2046,N,nominal,2.0NRT,295.83,2.22,N
28.42389,69.69747,306.34,0.54,0.51,2026-10-07,2046,N,nominal,2.0NRT,295.36,1.36,N
28.05081,69.36828,310.05,0.56,0.52,2026-10-07,2046,N,nominal,2.0NRT,296.18,1.13,N
26.64262,79.4804,312.37,0.41,0.37,2026-10-07,2046,N,nominal,2.0NRT,292.47,0.83,N
26.63069,79.52911,307.35,0.41,0.37,2026-10-07,2046,N,nominal,2.0NRT,292.93,0.87,N
26.87622,73.51451,308.13,0.48,0.4,2026-10-07,2046,N,nominal,2.0NRT,295.73,2.27,N
24.11781,86.35236,299.91,0.35,0.56,2026-10-07,2046,N,nominal,2.0NRT,287.14,0.7,N
23.82363,86.29743,301.17,0.35,0.57,2026-10-07,2046,N,nominal,2.0NRT,287.88,0.49,N
23.80573,86.32866,307.09,0.35,0.57,2026-10-07,2046,N,nominal,2.0NRT,289.27,1.63,N
23.80497,86.33204,315.11,0.35,0.57,2026-10-07,2046,N,nominal,2.0NRT,289.6,1.38,N
23.79517,86.3513,310.73,0.35,0.57,2026-10-07,2046,N,nominal,2.0NRT,289.3,0.79,N
23.79441,86.35467,301.75,0.35,0.57,2026-10-07,2046,N,nominal,2.0NRT,288.68,0.79,N
23.78075,86.39089,302.28,0.35,0.57,2026-10-07,2046,N,nominal,2.0NRT,289.12,1.11,N
23.78638,86.34181,302.66,0.35,0.57,2026-10-07,2046,N,nominal,2.0NRT,288.7,0.82,N
23.77944,86.37249,304.08,0.35,0.57,2026-10-07,2046,N,nominal,2.0NRT,288.76,1.03,N
23.77582,86.36433,311.23,0.35,0.57,2026-10-07,2046,N,nominal,2.0NRT,289.06,1.39,N
23.76725,86.40208,306.89,0.35,0.57,2026-10-07,2046,N,nominal,2.0NRT,288.62,0.89,N
23.76649,86.40546,310.09,0.35,0.57,2026-10-07,2046,N,nominal,2.0NRT,288.67,0.89,N
23.76131,86.40411,321.19,0.35,0.57,2026-10-07,2046,N,nominal,2.0NRT,288.28,1.47,N
23.76363,86.3939,302.8,0.35,0.57,2026-10-07,2046,N,nominal,2.0NRT,289.32,1.75,N
23.76207,86.40073,312.22,0.35,0.57,2026-10-07,2046,N,nominal,2.0NRT,288.53,1.47,N
23.75611,86.4028,313.55,0.35,0.57,2026-10-07,2046,N,nominal,2.0NRT,288.07,1.47,N
23.55902,87.23205,304.01,0.4,0.6,2026-10-07,2046,N,nominal,2.0NRT,288.48,0.9,N
23.55721,87.23981,301.95,0.4,0.6,2026-10-07,2046,N,nominal,2.0NRT,287.87,1.23,N
23.73784,86.43472,323.07,0.36,0.57,2026-10-07,2046,N,nominal,2.0NRT,288.87,1.58,N
23.73864,86.43124,301.85,0.36,0.57,2026-10-07,2046,N,nominal,2.0NRT,287.7,1.58,N
23.78327,86.21151,301.9,0.34,0.56,2026-10-07,2046,N,nominal,2.0NRT,288.07,1.21,N
23.77814,86.21023,321.34,0.34,0.56,2026-10-07,2046,N,nominal,2.0NRT,288.72,1.21,N
23.7789,86.20689,300.88,0.34,0.56,2026-10-07,2046,N,nominal,2.0NRT,288.61,2.33,N
23.73919,86.43391,324.01,0.36,0.57,2026-10-07,2046,N,nominal,2.0NRT,288.99,2.31,N
24.45007,83.0406,303.61,0.43,0.46,2026-10-07,2046,N,nominal,2.0NRT,291.19,0.82,N
23.56044,87.23212,305.46,0.4,0.6,2026-10-07,2046,N,nominal,2.0NRT,288.22,0.82,N
23.55867,87.23991,301.87,0.4,0.6,2026-10-07,2046,N,nominal,2.0NRT,287.81,0.7,N
23.78311,86.21007,314.11,0.34,0.56,2026-10-07,2046,N,nominal,2.0NRT,288.66,1.55,N
23.73399,86.43256,307.28,0.36,0.57,2026-10-07,2046,N,nominal,2.0NRT,289.05,1.22,N
23.77797,86.20882,316.53,0.34,0.56,2026-10-07,2046,N,nominal,2.0NRT,288.54,1.55,N
23.77067,86.19287,300.48,0.34,0.56,2026-10-07,2046,N,nominal,2.0NRT,287.76,1.74,N
23.71379,86.44926,309.41,0.36,0.57,2026-10-07,2046,N,nominal,2.0NRT,289.27,2.07,N
23.70858,86.44792,304.21,0.36,0.57,2026-10-07,2046,N,nominal,2.0NRT,288.76,0.93,N
23.61479,86.79069,301.17,0.38,0.58,2026-10-07,2046,N,nominal,2.0NRT,281.33,0.67,N
23.48397,87.36274,306.65,0.41,0.61,2026-10-07,2046,N,nominal,2.0NRT,288.87,1.25,N
23.68828,86.39132,305.07,0.35,0.57,2026-10-07,2046,N,nominal,2.0NRT,289.24,2.76,N
23.68232,86.3934,315.68,0.35,0.57,2026-10-07,2046,N,nominal,2.0NRT,289.97,3.16,N
23.67711,86.39213,309.26,0.35,0.57,2026-10-07,2046,N,nominal,2.0NRT,288.91,1.32,N
23.67633,86.39556,305.85,0.35,0.57,2026-10-07,2046,N,nominal,2.0NRT,289.54,1.32,N
23.67555,86.39903,305.3,0.36,0.57,2026-10-07,2046,N,nominal,2.0NRT,289.83,2.28,N
23.79038,85.55439,298.82,0.63,0.54,2026-10-07,2046,N,nominal,2.0NRT,284.86,1.11,N
23.78545,85.55318,303.59,0.63,0.54,2026-10-07,2046,N,nominal,2.0NRT,287.95,2.5,N
23.66743,86.09102,302.51,0.34,0.56,2026-10-07,2046,N,nominal,2.0NRT,286.03,1.19,N
23.69571,85.37025,311.52,0.61,0.54,2026-10-07,2046,N,nominal,2.0NRT,288.95,2.1,N
25.94362,72.18799,322.12,0.55,0.42,2026-10-07,2046,N,nominal,2.0NRT,297.05,3.73,N
25.94295,72.19347,322.23,0.55,0.42,2026-10-07,2046,N,nominal,2.0NRT,297.43,3.33,N
23.6506,85.43492,302.05,0.62,0.54,2026-10-07,2046,N,nominal,2.0NRT,287.69,2.65,N
24.19731,82.71392,303.57,0.42,0.45,2026-10-07,2046,N,nominal,2.0NRT,290.49,1.06,N
24.1965,82.71791,303.81,0.42,0.45,2026-10-07,2046,N,nominal,2.0NRT,290.24,0.56,N
24.19934,82.71598,308.99,0.42,0.45,2026-10-07,2046,N,nominal,2.0NRT,290.84,0.8,N
24.19525,82.71489,300.63,0.42,0.45,2026-10-07,2046,N,nominal,2.0NRT,289.83,0.8,N
24.18427,82.66132,304.07,0.41,0.45,2026-10-07,2046,N,nominal,2.0NRT,290.93,1.38,N
24.18336,82.64411,301,0.41,0.45,2026-10-07,2046,N,nominal,2.0NRT,290.3,0.33,N
26.23421,68.91096,314.65,0.57,0.52,2026-10-07,2046,N,nominal,2.0NRT,295.22,1.57,N
24.17101,82.61989,304.24,0.41,0.45,2026-10-07,2046,N,nominal,2.0NRT,290.12,0.68,N
24.14109,82.70591,304.32,0.42,0.45,2026-10-07,2046,N,nominal,2.0NRT,290.41,0.59,N
24.14659,82.65667,303.54,0.41,0.45,2026-10-07,2046,N,nominal,2.0NRT,290.05,0.69,N
26.12331,68.81396,321.99,0.58,0.52,2026-10-07,2046,N,nominal,2.0NRT,294.91,2.14,N
24.05283,80.61255,304.27,0.49,0.4,2026-10-07,2046,N,nominal,2.0NRT,293.77,1.15,N
24.93499,74.63226,309.98,0.42,0.38,2026-10-07,2046,N,nominal,2.0NRT,296.15,1.6,N
24.48418,77.14616,337.68,0.38,0.36,2026-10-07,2046,N,nominal,2.0NRT,295.8,9.37,N
24.48088,77.14553,336.54,0.38,0.36,2026-10-07,2046,N,nominal,2.0NRT,292.96,7,N
24.76476,74.60965,313.91,0.42,0.37,2026-10-07,2046,N,nominal,2.0NRT,298.16,0.89,N
24.76131,74.60906,305.19,0.42,0.37,2026-10-07,2046,N,nominal,2.0NRT,294.95,0.89,N
23.98944,79.39201,307.94,0.43,0.38,2026-10-07,2046,N,nominal,2.0NRT,295.4,1.08,N
22.3661,87.30038,305.18,0.43,0.62,2026-10-07,2046,N,nominal,2.0NRT,286.74,2.88,N
24.94524,72.94757,314.7,0.49,0.4,2026-10-07,2046,N,nominal,2.0NRT,295.18,1.9,N
22.36271,87.0192,306.71,0.41,0.61,2026-10-07,2046,N,nominal,2.0NRT,291.07,1.5,N
25.38844,68.58409,314.73,0.59,0.52,2026-10-07,2046,N,nominal,2.0NRT,296.1,1.32,N
22.05649,88.12495,316.64,0.49,0.65,2026-10-07,2046,N,nominal,2.0NRT,290.15,2.65,N
22.05057,88.12335,310.32,0.49,0.65,2026-10-07,2046,N,nominal,2.0NRT,289.84,1.73,N
24.82012,73.09413,310.06,0.48,0.4,2026-10-07,2046,N,nominal,2.0NRT,297.82,2.35,N
24.57936,74.80534,305.93,0.41,0.37,2026-10-07,2046,N,nominal,2.0NRT,295.86,0.7,N
22.05542,88.12376,315.25,0.49,0.65,2026-10-07,2046,N,nominal,2.0NRT,290.16,2.44,N
22.05431,88.12855,311.28,0.49,0.65,2026-10-07,2046,N,nominal,2.0NRT,290.18,2.44,N
23.16863,82.34501,313.67,0.41,0.45,2026-10-07,2046,N,nominal,2.0NRT,291.77,0.89,N
23.1653,82.34013,326.26,0.41,0.45,2026-10-07,2046,N,nominal,2.0NRT,292.9,1.59,N
23.16609,82.33607,307.4,0.41,0.45,2026-10-07,2046,N,nominal,2.0NRT,291.78,1.59,N
23.16452,82.34415,306.86,0.41,0.45,2026-10-07,2046,N,nominal,2.0NRT,290.7,1,N
23.16199,82.33515,303.18,0.41,0.45,2026-10-07,2046,N,nominal,2.0NRT,290.4,1.59,N
21.92368,85.22295,309.25,0.33,0.55,2026-10-07,2046,N,nominal,2.0NRT,288.32,2.02,N
21.92508,85.22314,311.47,0.33,0.55,2026-10-07,2046,N,nominal,2.0NRT,288.55,2.32,N
23.63358,75.14601,304.19,0.4,0.37,2026-10-07,2046,N,nominal,2.0NRT,292.29,0.51,N
22.31972,82.56264,310.17,0.44,0.46,2026-10-07,2046,N,nominal,2.0NRT,293.13,1.79,N
22.31634,82.55745,308.41,0.44,0.46,2026-10-07,2046,N,nominal,2.0NRT,292.26,1.78,N
22.36238,82.30267,307.28,0.42,0.45,2026-10-07,2046,N,nominal,2.0NRT,292.42,1.09,N
22.31632,82.53535,305.5,0.44,0.46,2026-10-07,2046,N,nominal,2.0NRT,291.56,1.43,N
22.35822,82.30176,325.15,0.42,0.45,2026-10-07,2046,N,nominal,2.0NRT,294.28,3.53,N
22.31295,82.53018,309.52,0.44,0.46,2026-10-07,2046,N,nominal,2.0NRT,291.78,1.21,N
22.06531,83.70389,303.57,0.52,0.5,2026-10-07,2046,N,nominal,2.0NRT,289.22,0.98,N
22.04082,83.72971,313.75,0.52,0.5,2026-10-07,2046,N,nominal,2.0NRT,290.21,3.33,N
22.01622,83.75565,303.96,0.53,0.5,2026-10-07,2046,N,nominal,2.0NRT,289.82,1.24,N
22.03715,83.72726,306.08,0.52,0.5,2026-10-07,2046,N,nominal,2.0NRT,289.35,1.15,N
22.01732,83.75437,304.19,0.53,0.5,2026-10-07,2046,N,nominal,2.0NRT,290.03,1.97,N
22.10662,83.12697,303.12,0.48,0.48,2026-10-07,2046,N,nominal,2.0NRT,290.34,1.07,N
21.96537,83.77396,305.77,0.53,0.5,2026-10-07,2046,N,nominal,2.0NRT,290.02,1.5,N
22.03789,83.35164,317.66,0.5,0.49,2026-10-07,2046,N,nominal,2.0NRT,291.43,1.73,N
22.03244,83.35544,303.28,0.5,0.49,2026-10-07,2046,N,nominal,2.0NRT,290.26,1.73,N
22.03047,83.3651,309.02,0.5,0.49,2026-10-07,2046,N,nominal,2.0NRT,290.36,2.35,N
21.98594,83.23249,309.32,0.49,0.49,2026-10-07,2046,N,nominal,2.0NRT,291,1.51,N
21.82005,83.99831,303.99,0.55,0.51,2026-10-07,2046,N,nominal,2.0NRT,289.37,1.05,N
21.92435,83.35241,307.93,0.5,0.49,2026-10-07,2046,N,nominal,2.0NRT,291.12,2.33,N
21.91988,83.35136,319.84,0.5,0.49,2026-10-07,2046,N,nominal,2.0NRT,292.18,3.93,N
21.87779,83.55595,304.73,0.51,0.5,2026-10-07,2046,N,nominal,2.0NRT,289.84,1.52,N
21.77149,84.01997,304.51,0.55,0.51,2026-10-07,2046,N,nominal,2.0NRT,289.72,1.8,N
21.87644,83.49376,303.03,0.51,0.49,2026-10-07,2046,N,nominal,2.0NRT,290,1.01,N
21.76683,84.01885,312.05,0.55,0.51,2026-10-07,2046,N,nominal,2.0NRT,290.19,1.8,N
21.76105,84.02302,304.02,0.55,0.51,2026-10-07,2046,N,nominal,2.0NRT,289.67,2.11,N
21.75638,84.02193,308.14,0.55,0.51,2026-10-07,2046,N,nominal,2.0NRT,290.12,2.11,N
21.75137,83.9762,304.08,0.55,0.51,2026-10-07,2046,N,nominal,2.0NRT,289.12,1.18,N
21.7467,83.97515,305.05,0.55,0.51,2026-10-07,2046,N,nominal,2.0NRT,288.92,1.18,N
21.75418,84.02543,308.97,0.55,0.51,2026-10-07,2046,N,nominal,2.0NRT,289.78,3.73,N
21.74995,83.97427,307.68,0.55,0.51,2026-10-07,2046,N,nominal,2.0NRT,289.57,2.08,N
22.00663,82.67117,309.58,0.45,0.47,2026-10-07,2046,N,nominal,2.0NRT,292.15,1.23,N
22.00235,82.67021,310.11,0.45,0.47,2026-10-07,2046,N,nominal,2.0NRT,292.34,1.55,N
21.76171,83.84547,312.45,0.54,0.51,2026-10-07,2046,N,nominal,2.0NRT,289.42,2.1,N
21.76064,83.85071,308.48,0.54,0.51,2026-10-07,2046,N,nominal,2.0NRT,289.47,2.1,N
21.7571,83.84436,314.14,0.54,0.51,2026-10-07,2046,N,nominal,2.0NRT,290.17,2.13,N
21.75249,83.84324,307.66,0.54,0.51,2026-10-07,2046,N,nominal,2.0NRT,289.63,2.13,N
21.74789,83.84206,320.79,0.54,0.51,2026-10-07,2046,N,nominal,2.0NRT,290.07,2.98,N
21.74328,83.8409,306.28,0.54,0.51,2026-10-07,2046,N,nominal,2.0NRT,289.58,2.98,N
21.67743,84.04075,305.7,0.56,0.51,2026-10-07,2046,N,nominal,2.0NRT,289.31,3.34,N
21.93818,81.98074,305.21,0.41,0.45,2026-10-07,2046,N,nominal,2.0NRT,291.99,0.86,N
21.80305,82.04052,307.22,0.42,0.45,2026-10-07,2049,N,nominal,2.0NRT,292.05,0.69,N
20.96981,86.02119,308.46,0.38,0.59,2026-10-07,2049,N,nominal,2.0NRT,291.63,2.66,N
20.96607,86.01241,323.04,0.38,0.59,2026-10-07,2049,N,nominal,2.0NRT,291.88,4.28,N
20.96768,86.00507,303.8,0.38,0.59,2026-10-07,2049,N,nominal,2.0NRT,291.83,2.25,N
20.96154,86.00729,313.8,0.38,0.59,2026-10-07,2049,N,nominal,2.0NRT,291.32,1.05,N
20.95348,86.04401,309.99,0.38,0.59,2026-10-07,2049,N,nominal,2.0NRT,291.53,1.47,N
20.95266,86.04774,309.03,0.38,0.59,2026-10-07,2049,N,nominal,2.0NRT,291.86,1.47,N
21.72999,82.21551,306.73,0.43,0.46,2026-10-07,2049,N,nominal,2.0NRT,292.72,0.75,N
21.07912,85.03173,310.88,0.33,0.55,2026-10-07,2049,N,nominal,2.0NRT,287.11,1.46,N
21.07845,85.0349,317.36,0.33,0.55,2026-10-07,2049,N,nominal,2.0NRT,288.51,1.46,N
21.07777,85.03808,307.19,0.33,0.55,2026-10-07,2049,N,nominal,2.0NRT,288.37,0.74,N
21.07711,85.04121,304.57,0.33,0.55,2026-10-07,2049,N,nominal,2.0NRT,287.04,0.74,N
21.67344,82.07919,308.15,0.42,0.45,2026-10-07,2049,N,nominal,2.0NRT,292.67,1.14,N
21.67266,82.08324,309.65,0.42,0.45,2026-10-07,2049,N,nominal,2.0NRT,292.98,1.1,N
20.98228,85.13552,305.36,0.34,0.56,2026-10-07,2049,N,nominal,2.0NRT,291.1,1.25,N
20.97527,85.16773,309.88,0.34,0.56,2026-10-07,2049,N,nominal,2.0NRT,290.67,1.51,N
20.97457,85.17094,312.36,0.34,0.56,2026-10-07,2049,N,nominal,2.0NRT,291.29,1.51,N
20.97387,85.17413,313.39,0.34,0.56,2026-10-07,2049,N,nominal,2.0NRT,291.1,1.73,N
20.96879,85.17283,340.86,0.34,0.56,2026-10-07,2049,N,nominal,2.0NRT,292.27,2.55,N
20.97721,85.13425,307.98,0.34,0.56,2026-10-07,2049,N,nominal,2.0NRT,291.83,1.8,N
20.96809,85.17603,315.92,0.34,0.56,2026-10-07,2049,N,nominal,2.0NRT,291.36,2.55,N
20.96739,85.17924,308.33,0.34,0.56,2026-10-07,2049,N,nominal,2.0NRT,291.28,1.82,N
20.96597,85.18574,313.39,0.34,0.56,2026-10-07,2049,N,nominal,2.0NRT,291.43,1.28,N
20.96525,85.18903,317.99,0.34,0.56,2026-10-07,2049,N,nominal,2.0NRT,291.65,1.28,N
20.96792,85.15226,319.43,0.34,0.56,2026-10-07,2049,N,nominal,2.0NRT,291.35,2.45,N
20.96581,85.1619,304.17,0.34,0.56,2026-10-07,2049,N,nominal,2.0NRT,290.89,2.09,N
20.96511,85.16511,316.39,0.34,0.56,2026-10-07,2049,N,nominal,2.0NRT,291.4,2.67,N
20.96442,85.1683,308.48,0.34,0.56,2026-10-07,2049,N,nominal,2.0NRT,291.41,2.67,N
20.96371,85.17152,316.94,0.34,0.56,2026-10-07,2049,N,nominal,2.0NRT,291.4,2.55,N
20.9623,85.17796,306.33,0.34,0.56,2026-10-07,2049,N,nominal,2.0NRT,291.4,1.82,N
20.96088,85.18448,312.38,0.34,0.56,2026-10-07,2049,N,nominal,2.0NRT,291.49,1.28,N
20.96017,85.18773,308.96,0.34,0.56,2026-10-07,2049,N,nominal,2.0NRT,290.94,1.28,N
20.96749,85.17269,335.5,0.34,0.56,2026-10-07,2049,N,nominal,2.0NRT,291.56,1.68,N
20.96475,85.18567,322.95,0.34,0.56,2026-10-07,2049,N,nominal,2.0NRT,291.72,2.59,N
20.96405,85.18897,322.78,0.34,0.56,2026-10-07,2049,N,nominal,2.0NRT,291.99,2.59,N
20.97156,85.1534,314.63,0.34,0.56,2026-10-07,2049,N,nominal,2.0NRT,290.98,1.01,N
20.96816,85.16949,303.39,0.34,0.56,2026-10-07,2049,N,nominal,2.0NRT,290.93,1.7,N
20.96681,85.17592,314.14,0.34,0.56,2026-10-07,2049,N,nominal,2.0NRT,291.14,1.68,N
20.96613,85.17914,313.09,0.34,0.56,2026-10-07,2049,N,nominal,2.0NRT,291.35,1.89,N
20.96544,85.1824,305.87,0.34,0.56,2026-10-07,2049,N,nominal,2.0NRT,291.19,1.89,N
20.96649,85.15207,310.81,0.34,0.56,2026-10-07,2049,N,nominal,2.0NRT,290.71,1.01,N
20.96445,85.16174,305.06,0.34,0.56,2026-10-07,2049,N,nominal,2.0NRT,290.75,1.73,N
20.96377,85.16496,313.65,0.34,0.56,2026-10-07,2049,N,nominal,2.0NRT,291.37,1.7,N
20.96309,85.16815,307.96,0.34,0.56,2026-10-07,2049,N,nominal,2.0NRT,291.56,1.7,N
20.96241,85.17139,316.83,0.34,0.56,2026-10-07,2049,N,nominal,2.0NRT,291.77,1.68,N
20.96173,85.17461,304.05,0.34,0.56,2026-10-07,2049,N,nominal,2.0NRT,291.56,1.68,N
20.95892,85.01184,304.32,0.33,0.55,2026-10-07,2049,N,nominal,2.0NRT,291.22,1.87,N
20.95322,85.01369,304.04,0.33,0.55,2026-10-07,2049,N,nominal,2.0NRT,290.54,0.92,N
20.89119,84.98139,303.25,0.33,0.55,2026-10-07,2049,N,nominal,2.0NRT,290.2,1.29,N
20.88547,84.98331,309.41,0.33,0.55,2026-10-07,2049,N,nominal,2.0NRT,290.85,1.25,N
20.88824,84.98042,304.17,0.33,0.55,2026-10-07,2049,N,nominal,2.0NRT,290.55,1.14,N
20.88757,84.9836,311.29,0.33,0.55,2026-10-07,2049,N,nominal,2.0NRT,291.36,1.66,N
20.8691,84.9957,306.1,0.33,0.55,2026-10-07,2049,N,nominal,2.0NRT,291.97,1.46,N
20.86544,84.98791,317.06,0.33,0.55,2026-10-07,2049,N,nominal,2.0NRT,290.89,2.23,N
20.86474,84.99122,315.28,0.33,0.55,2026-10-07,2049,N,nominal,2.0NRT,290.98,1.47,N
20.86405,84.99448,307.25,0.33,0.55,2026-10-07,2049,N,nominal,2.0NRT,290.89,1.47,N
20.86337,84.9977,317.45,0.33,0.55,2026-10-07,2049,N,nominal,2.0NRT,290.19,1.15,N
20.80802,85.25784,314.93,0.34,0.56,2026-10-07,2049,N,nominal,2.0NRT,292.45,1.01,N
20.8029,85.25648,305.72,0.34,0.56,2026-10-07,2049,N,nominal,2.0NRT,291.2,1.01,N
20.79265,85.25388,319.16,0.34,0.56,2026-10-07,2049,N,nominal,2.0NRT,291.65,1.63,N
20.78535,85.26267,341.1,0.35,0.56,2026-10-07,2049,N,nominal,2.0NRT,293,2.59,N
20.78607,85.25932,304.59,0.35,0.56,2026-10-07,2049,N,nominal,2.0NRT,291.89,2.59,N
20.78464,85.26598,309.18,0.35,0.56,2026-10-07,2049,N,nominal,2.0NRT,292,2.75,N
20.78021,85.26141,344.68,0.35,0.56,2026-10-07,2049,N,nominal,2.0NRT,291.25,2.59,N
20.78092,85.25809,303.4,0.35,0.56,2026-10-07,2049,N,nominal,2.0NRT,291.24,2.59,N
21.48558,81.76948,314.79,0.41,0.45,2026-10-07,2049,N,nominal,2.0NRT,293.32,1.51,N
20.76208,85.2952,309.04,0.35,0.57,2026-10-07,2049,N,nominal,2.0NRT,292.46,1.24,N
20.76139,85.29837,318.06,0.35,0.57,2026-10-07,2049,N,nominal,2.0NRT,293.17,1.24,N
20.53163,85.90583,313.24,0.38,0.59,2026-10-07,2049,N,nominal,2.0NRT,291.91,1.69,N
20.53083,85.90948,310.6,0.38,0.59,2026-10-07,2049,N,nominal,2.0NRT,291.77,1.43,N
21.38777,81.64784,306.01,0.4,0.44,2026-10-07,2049,N,nominal,2.0NRT,292.18,1.02,N
21.37695,81.68172,308.06,0.41,0.45,2026-10-07,2049,N,nominal,2.0NRT,292.22,1.09,N
21.37634,81.6413,308.58,0.4,0.44,2026-10-07,2049,N,nominal,2.0NRT,292.47,1.5,N
21.36475,81.67897,304.45,0.41,0.45,2026-10-07,2049,N,nominal,2.0NRT,292.27,0.92,N
21.34591,81.66682,304.85,0.4,0.45,2026-10-07,2049,N,nominal,2.0NRT,291.99,0.93,N
21.34212,81.67015,303.6,0.41,0.45,2026-10-07,2049,N,nominal,2.0NRT,291.83,0.81,N
21.31074,81.5907,309.61,0.4,0.44,2026-10-07,2049,N,nominal,2.0NRT,292.43,0.74,N
21.29893,81.6081,304.33,0.4,0.44,2026-10-07,2049,N,nominal,2.0NRT,291.97,0.65,N
21.19436,81.39143,310.48,0.39,0.44,2026-10-07,2049,N,nominal,2.0NRT,293.03,1.68,N
21.1929,81.39896,304.22,0.39,0.44,2026-10-07,2049,N,nominal,2.0NRT,292.26,1.21,N
22.26559,75.13167,306.47,0.39,0.36,2026-10-07,2049,N,nominal,2.0NRT,296.45,0.84,N
21.18378,81.38131,307.23,0.39,0.44,2026-10-07,2049,N,nominal,2.0NRT,292.34,0.88,N
21.1857,81.39046,311.37,0.39,0.44,2026-10-07,2049,N,nominal,2.0NRT,293.83,1.43,N
21.1831,81.38208,308.92,0.39,0.44,2026-10-07,2049,N,nominal,2.0NRT,292.47,1.27,N
21.18239,81.38583,316.96,0.39,0.44,2026-10-07,2049,N,nominal,2.0NRT,294.08,1.43,N
21.18169,81.38958,304.73,0.39,0.44,2026-10-07,2049,N,nominal,2.0NRT,292.42,1.43,N
22.93145,69.69636,306.41,0.47,0.47,2026-10-07,2049,N,nominal,2.0NRT,295.72,1.83,N
22.90842,69.70242,310.42,0.47,0.47,2026-10-07,2049,N,nominal,2.0NRT,295.84,1.55,N
22.94636,69.15843,306.85,0.5,0.49,2026-10-07,2049,N,nominal,2.0NRT,295.58,1.11,N
21.23296,79.63059,310.09,0.48,0.4,2026-10-07,2049,N,nominal,2.0NRT,294.95,1.29,N
21.33679,78.96783,319.94,0.44,0.39,2026-10-07,2049,N,nominal,2.0NRT,295.16,2.92,N
21.24804,79.21015,321.35,0.46,0.39,2026-10-07,2049,N,nominal,2.0NRT,294.55,1.94,N
21.24574,79.22325,317.54,0.46,0.39,2026-10-07,2049,N,nominal,2.0NRT,295.97,2.48,N
22.37662,70.85825,308.05,0.39,0.44,2026-10-07,2049,N,nominal,2.0NRT,296.13,1.23,N
22.41767,69.03993,313.54,0.5,0.49,2026-10-07,2049,N,nominal,2.0NRT,296.84,2,N
22.41749,69.03816,315.09,0.5,0.49,2026-10-07,2049,N,nominal,2.0NRT,297.02,2.82,N
20.70226,78.62096,309.95,0.44,0.38,2026-10-07,2049,N,nominal,2.0NRT,295.84,2.1,N
20.69586,78.63698,315.03,0.44,0.38,2026-10-07,2049,N,nominal,2.0NRT,296.19,1.92,N
21.11181,72.63539,314.84,0.46,0.39,2026-10-07,2049,N,nominal,2.0NRT,299.16,1.61,N
21.10699,72.64369,331.13,0.46,0.39,2026-10-07,2049,N,nominal,2.0NRT,299.4,2.46,N
21.10638,72.64812,329.32,0.46,0.39,2026-10-07,2049,N,nominal,2.0NRT,300.54,2.46,N
21.10457,72.63424,319.97,0.46,0.39,2026-10-07,2049,N,nominal,2.0NRT,298.11,1.51,N
21.10397,72.63869,309.15,0.46,0.39,2026-10-07,2049,N,nominal,2.0NRT,297.59,1.51,N
21.10337,72.64313,314.64,0.46,0.39,2026-10-07,2049,N,nominal,2.0NRT,297.67,2.46,N
21.10277,72.64755,311.29,0.46,0.39,2026-10-07,2049,N,nominal,2.0NRT,297.86,2.46,N
21.11078,72.63734,310.17,0.46,0.39,2026-10-07,2049,N,nominal,2.0NRT,299.1,2.11,N
21.10591,72.64562,338.32,0.46,0.39,2026-10-07,2049,N,nominal,2.0NRT,301.63,9.82,N
21.10355,72.63619,332.36,0.46,0.39,2026-10-07,2049,N,nominal,2.0NRT,300.02,3.24,N
21.10292,72.64062,308.37,0.46,0.39,2026-10-07,2049,N,nominal,2.0NRT,297.24,3.24,N
21.09993,72.63562,327.15,0.46,0.39,2026-10-07,2049,N,nominal,2.0NRT,297.47,3.24,N
21.05291,72.83883,307.69,0.45,0.39,2026-10-07,2049,N,nominal,2.0NRT,296.28,0.74,N
19.80279,78.86394,306.82,0.46,0.39,2026-10-07,2046,N,nominal,2.0NRT,294.1,0.91,N
19.80153,78.86562,307.71,0.46,0.39,2026-10-07,2046,N,nominal,2.0NRT,294.41,0.95,N
20.91188,71.45867,308.8,0.52,0.42,2026-10-07,2046,N,nominal,2.0NRT,297.3,2.5,N
19.1028,82.1703,309.34,0.48,0.48,2026-10-07,2046,N,nominal,2.0NRT,292.72,1.73,N
19.93809,73.7108,311.5,0.41,0.37,2026-10-07,2046,N,nominal,2.0NRT,292.66,1.27,N
19.93467,73.71022,325.26,0.41,0.37,2026-10-07,2046,N,nominal,2.0NRT,293.08,1.54,N
19.9341,73.71413,303.35,0.41,0.37,2026-10-07,2046,N,nominal,2.0NRT,292.36,1.54,N
18.72079,79.53725,312.41,0.51,0.41,2026-10-07,2046,N,nominal,2.0NRT,295.82,1.69,N
18.71702,79.53655,306.65,0.51,0.41,2026-10-07,2046,N,nominal,2.0NRT,296.01,1.69,N
18.88752,77.99303,306.08,0.43,0.38,2026-10-07,2046,N,nominal,2.0NRT,291.26,0.76,N
17.98266,80.82618,309.52,0.41,0.45,2026-10-07,2046,N,nominal,2.0NRT,294.62,3.07,N
17.95833,80.79694,311.38,0.41,0.45,2026-10-07,2046,N,nominal,2.0NRT,294.28,1.95,N
19.10499,73.05334,307.84,0.42,0.38,2026-10-07,2046,N,nominal,2.0NRT,294.39,0.36,N
19.1015,73.05287,310.94,0.42,0.38,2026-10-07,2046,N,nominal,2.0NRT,294.69,0.63,N
19.17692,70.94461,313.08,0.53,0.42,2026-10-07,2046,N,nominal,2.0NRT,296.41,1.02,N
17.58371,80.32094,304.32,0.39,0.44,2026-10-07,2046,N,nominal,2.0NRT,293.03,1.31,N
18.68508,73.02989,314.37,0.42,0.38,2026-10-07,2046,N,nominal,2.0NRT,296.32,2.5,N
18.68335,73.04192,310.45,0.42,0.38,2026-10-07,2046,N,nominal,2.0NRT,297.21,2.85,N
18.68104,73.03333,312.96,0.42,0.38,2026-10-07,2046,N,nominal,2.0NRT,296.16,2.36,N
18.68046,73.03735,316.51,0.42,0.38,2026-10-07,2046,N,nominal,2.0NRT,296.01,1.85,N
18.67988,73.04134,318.74,0.42,0.38,2026-10-07,2046,N,nominal,2.0NRT,296.16,1.85,N
18.67927,73.03433,308.04,0.42,0.38,2026-10-07,2046,N,nominal,2.0NRT,295.48,1.57,N
17.37036,77.44656,311.97,0.43,0.38,2026-10-07,2046,N,nominal,2.0NRT,296.25,1.36,N
16.87269,80.02412,306.72,0.38,0.44,2026-10-07,2046,N,nominal,2.0NRT,294.02,4.2,N
17.14529,78.22422,303.81,0.46,0.39,2026-10-07,2046,N,nominal,2.0NRT,292.58,0.79,N
16.64837,74.31261,306.01,0.39,0.36,2026-10-07,2049,N,nominal,2.0NRT,291.74,0.28,N
16.64586,74.31256,305.89,0.39,0.36,2026-10-07,2049,N,nominal,2.0NRT,290.95,0.29,N
16.17209,75.64723,310.46,0.39,0.36,2026-10-07,2049,N,nominal,2.0NRT,294.39,1.37,N
16.20564,75.20774,305,0.39,0.36,2026-10-07,2049,N,nominal,2.0NRT,294.89,0.75,N
15.33795,76.25114,316.57,0.41,0.37,2026-10-07,2049,N,nominal,2.0NRT,291.19,1.03,N
15.33235,76.28502,312.65,0.41,0.37,2026-10-07,2049,N,nominal,2.0NRT,291.54,1.1,N
15.17796,77.10145,304.78,0.43,0.38,2026-10-07,2049,N,nominal,2.0NRT,292.91,1.21,N
15.17446,77.10081,312,0.43,0.38,2026-10-07,2049,N,nominal,2.0NRT,293.02,1.16,N
15.22439,76.76299,331.34,0.42,0.38,2026-10-07,2049,N,nominal,2.0NRT,291.75,2.81,N
15.30099,76.22138,303.08,0.4,0.37,2026-10-07,2049,N,nominal,2.0NRT,290.73,0.53,N
15.65669,73.99054,313.27,0.39,0.36,2026-10-07,2049,N,nominal,2.0NRT,294.3,1.51,N
15.1742,76.78612,306.64,0.42,0.38,2026-10-07,2049,N,nominal,2.0NRT,292.22,0.93,N
15.1865,76.67208,305.33,0.42,0.38,2026-10-07,2049,N,nominal,2.0NRT,289.24,1.05,N
15.18372,76.66758,309.65,0.42,0.38,2026-10-07,2049,N,nominal,2.0NRT,289.11,1.03,N
15.1824,76.67533,306.95,0.42,0.38,2026-10-07,2049,N,nominal,2.0NRT,291.17,1.68,N
15.18028,76.66696,304.63,0.42,0.38,2026-10-07,2049,N,nominal,2.0NRT,289.12,1.03,N
15.17896,76.67471,314.01,0.42,0.38,2026-10-07,2049,N,nominal,2.0NRT,291.12,1.68,N
15.18166,76.66836,316.03,0.42,0.38,2026-10-07,2049,N,nominal,2.0NRT,289.72,2.26,N
15.18037,76.67612,306.86,0.42,0.38,2026-10-07,2049,N,nominal,2.0NRT,290.78,2.41,N
15.17693,76.67549,321.96,0.42,0.38,2026-10-07,2049,N,nominal,2.0NRT,291.62,2.41,N
15.17628,76.67937,328.67,0.42,0.38,2026-10-07,2049,N,nominal,2.0NRT,291.09,3,N
15.17435,76.69099,321.87,0.42,0.38,2026-10-07,2049,N,nominal,2.0NRT,289.61,1.7,N
15.17671,76.65547,326.43,0.42,0.38,2026-10-07,2049,N,nominal,2.0NRT,291.07,2.24,N
15.17607,76.65936,312.8,0.42,0.38,2026-10-07,2049,N,nominal,2.0NRT,289,2.24,N
15.17134,76.66647,319.45,0.42,0.38,2026-10-07,2049,N,nominal,2.0NRT,290.16,2.7,N
15.11614,76.80504,306.04,0.42,0.38,2026-10-07,2049,N,nominal,2.0NRT,292.98,1.15,N
15.16947,76.38171,308.57,0.41,0.37,2026-10-07,2049,N,nominal,2.0NRT,287.56,1.61,N
14.87231,78.05326,306.05,0.48,0.4,2026-10-07,2049,N,nominal,2.0NRT,291.58,2.34,N
15.01264,76.90128,306.46,0.43,0.38,2026-10-07,2049,N,nominal,2.0NRT,292.18,1.09,N
13.71073,79.62014,300.61,0.41,0.45,2026-10-07,2049,N,nominal,2.0NRT,278.51,0.56,N
13.44556,80.09641,304.85,0.44,0.46,2026-10-07,2049,N,nominal,2.0NRT,289.94,0.6,N
13.00958,79.96431,308.87,0.44,0.46,2026-10-07,2049,N,nominal,2.0NRT,286.8,2.1,N
13.00884,79.96837,316.77,0.44,0.46,2026-10-07,2049,N,nominal,2.0NRT,287.23,2.1,N
12.86772,79.88925,302.93,0.44,0.46,2026-10-07,2049,N,nominal,2.0NRT,286.65,0.49,N
12.74633,77.62066,297.51,0.49,0.4,2026-10-07,2049,N,nominal,2.0NRT,275.21,0.65,N
12.09213,79.13664,310.41,0.4,0.44,2026-10-07,2049,N,nominal,2.0NRT,280.06,0.64,N
11.18307,79.09898,305.53,0.41,0.45,2026-10-07,2049,N,nominal,2.0NRT,284.43,1.23,N
11.43459,77.51595,321.87,0.5,0.41,2026-10-07,2049,N,nominal,2.0NRT,281.14,4.11,N
9.46555,78.77082,308.95,0.42,0.45,2026-10-07,2049,N,nominal,2.0NRT,287.79,1.42,N
39.50894,54.3287,310.45,0.39,0.36,2026-10-07,2225,N,nominal,2.0NRT,287.6,0.8,N
37.98483,61.88311,297.71,0.4,0.44,2026-10-07,2225,N,nominal,2.0NRT,283.76,0.94,N
37.49843,61.84869,300,0.4,0.45,2026-10-07,2225,N,nominal,2.0NRT,284.98,0.37,N
37.49547,61.85058,300.38,0.41,0.45,2026-10-07,2225,N,nominal,2.0NRT,285.06,0.51,N
37.94032,58.56232,298.4,0.44,0.38,2026-10-07,2225,N,nominal,2.0NRT,281.86,0.55,N
37.94021,58.5657,296.29,0.44,0.38,2026-10-07,2225,N,nominal,2.0NRT,279.26,0.88,N
37.11878,62.36195,299.71,0.44,0.46,2026-10-07,2225,N,nominal,2.0NRT,284.66,1.32,N
37.11356,62.36531,302.81,0.44,0.46,2026-10-07,2225,N,nominal,2.0NRT,285.45,0.94,N
37.03493,62.41598,307.63,0.44,0.46,2026-10-07,2225,N,nominal,2.0NRT,287.23,3.34,N
37.03382,62.42085,312.29,0.44,0.46,2026-10-07,2225,N,nominal,2.0NRT,286.51,1.75,N
37.02966,62.41939,300.6,0.44,0.46,2026-10-07,2225,N,nominal,2.0NRT,285.12,1.75,N
37.03127,62.41832,320.06,0.44,0.46,2026-10-07,2225,N,nominal,2.0NRT,287.18,4.41,N
37.82739,58.38496,304.87,0.43,0.38,2026-10-07,2225,N,nominal,2.0NRT,282.36,0.73,N
37.45301,57.68584,318.93,0.42,0.37,2026-10-07,2225,N,nominal,2.0NRT,289.24,2.15,N
37.33894,58.04597,300.55,0.43,0.38,2026-10-07,2225,N,nominal,2.0NRT,283.92,0.95,N
36.37204,61.93905,308.72,0.43,0.46,2026-10-07,2225,N,nominal,2.0NRT,284.28,0.56,N
36.37742,61.89528,296.21,0.43,0.46,2026-10-07,2225,N,nominal,2.0NRT,284.64,0.45,N
36.37193,61.94252,298.97,0.43,0.46,2026-10-07,2225,N,nominal,2.0NRT,284.1,0.8,N
36.37706,61.89865,296.4,0.43,0.46,2026-10-07,2225,N,nominal,2.0NRT,284.1,0.39,N
36.41211,61.69663,295.4,0.42,0.45,2026-10-07,2225,N,nominal,2.0NRT,284.07,0.53,N
37.2939,55.48369,299.02,0.38,0.36,2026-10-07,2225,N,nominal,2.0NRT,279.33,0.49,N
36.47924,59.74472,296.5,0.51,0.41,2026-10-07,2225,N,nominal,2.0NRT,286.3,1.39,N
36.49531,59.33215,307.57,0.49,0.4,2026-10-07,2225,N,nominal,2.0NRT,288.3,0.92,N
33.29865,71.18924,298.43,0.79,0.78,2026-10-07,2225,N,nominal,2.0NRT,286.54,0.99,N
36.34388,58.67569,299.65,0.46,0.39,2026-10-07,2225,N,nominal,2.0NRT,288.42,0.87,N
36.34292,58.68074,300.96,0.46,0.39,2026-10-07,2225,N,nominal,2.0NRT,288.98,0.87,N
36.94689,54.89075,313.14,0.38,0.36,2026-10-07,2225,N,nominal,2.0NRT,289.48,1.34,N
36.9436,54.88994,309.19,0.38,0.36,2026-10-07,2225,N,nominal,2.0NRT,288.75,1.34,N
36.24506,57.38267,299.52,0.42,0.38,2026-10-07,2225,N,nominal,2.0NRT,286.72,1.97,N
36.32473,54.61891,297.75,0.38,0.36,2026-10-07,2225,N,nominal,2.0NRT,273.92,0.59,N
34.17874,65.10426,298.24,0.36,0.57,2026-10-07,2225,N,nominal,2.0NRT,272.39,0.52,N
35.36605,59.30753,299.81,0.51,0.41,2026-10-07,2225,N,nominal,2.0NRT,286.17,0.59,N
33.75152,59.14775,299.07,0.53,0.42,2026-10-07,2227,N,nominal,2.0NRT,283.46,1.03,N
32.92447,60.23409,299.43,0.41,0.45,2026-10-07,2227,N,nominal,2.0NRT,288.19,0.66,N
33.04108,56.84782,325.78,0.44,0.38,2026-10-07,2227,N,nominal,2.0NRT,294.6,2.91,N
32.33537,54.08667,311.96,0.39,0.36,2026-10-07,2227,N,nominal,2.0NRT,290.69,1.8,N
31.88272,54.42423,304.14,0.39,0.36,2026-10-07,2227,N,nominal,2.0NRT,290.93,0.92,N
31.87669,54.43982,303.3,0.39,0.36,2026-10-07,2227,N,nominal,2.0NRT,290.6,1.36,N
31.70513,55.44847,307.8,0.41,0.37,2026-10-07,2227,N,nominal,2.0NRT,295.43,1.21,N
31.89253,54.24033,299.61,0.39,0.36,2026-10-07,2227,N,nominal,2.0NRT,288.97,0.33,N
31.85074,54.28567,308.47,0.39,0.36,2026-10-07,2227,N,nominal,2.0NRT,294.12,1.25,N
31.84743,54.28491,306.23,0.39,0.36,2026-10-07,2227,N,nominal,2.0NRT,291.09,0.8,N
31.43503,56.49149,300.47,0.44,0.39,2026-10-07,2227,N,nominal,2.0NRT,288.28,0.43,N
31.4315,56.49295,301.13,0.44,0.39,2026-10-07,2227,N,nominal,2.0NRT,287.05,0.28,N
31.62185,54.72434,309.34,0.39,0.37,2026-10-07,2227,N,nominal,2.0NRT,291.04,1.02,N
38.39579,69.11543,297.53,0.45,0.63,2026-10-07,2225,N,nominal,2.0NRT,284.31,0.58,N
39.76554,63.30762,315.96,0.43,0.46,2026-10-07,2225,N,nominal,2.0NRT,282.57,1.52,N
39.15475,63.32107,301.09,0.44,0.46,2026-10-07,2225,N,nominal,2.0NRT,272.55,0.66,N
30.75553,56.65754,310.84,0.46,0.39,2026-10-07,2227,N,nominal,2.0NRT,292.68,1.65,N
39.11477,63.33852,298.13,0.44,0.46,2026-10-07,2225,N,nominal,2.0NRT,278.2,1.13,N
39.05662,63.55332,296.43,0.45,0.47,2026-10-07,2225,N,nominal,2.0NRT,281.42,0.45,N
38.35126,66.31492,324.32,0.33,0.55,2026-10-07,2225,N,nominal,2.0NRT,281.37,2.13,N
30.66727,56.62345,300.52,0.46,0.39,2026-10-07,2227,N,nominal,2.0NRT,288.2,0.69,N
30.66372,56.62255,298.48,0.46,0.39,2026-10-07,2227,N,nominal,2.0NRT,287.58,0.63,N
30.49067,56.81935,300.87,0.47,0.4,2026-10-07,2227,N,nominal,2.0NRT,290.36,1.38,N
30.3693,57.12135,296.05,0.48,0.4,2026-10-07,2227,N,nominal,2.0NRT,286.01,0.46,N
29.47754,60.80824,303.96,0.52,0.5,2026-10-07,2227,N,nominal,2.0NRT,288.39,1.05,N
30.23317,56.90725,313.08,0.48,0.4,2026-10-07,2227,N,nominal,2.0NRT,290.03,2.02,N
30.3695,56.13031,308.14,0.44,0.38,2026-10-07,2227,N,nominal,2.0NRT,289.12,0.77,N
30.35735,56.1368,306.97,0.44,0.38,2026-10-07,2227,N,nominal,2.0NRT,287.13,1.03,N
30.3258,56.22891,300.91,0.45,0.39,2026-10-07,2227,N,nominal,2.0NRT,288.75,0.9,N
30.37771,55.86531,302.91,0.43,0.38,2026-10-07,2227,N,nominal,2.0NRT,288.1,1.39,N
30.39031,55.7759,300.04,0.43,0.38,2026-10-07,2227,N,nominal,2.0NRT,289.98,0.43,N
30.32184,55.9726,307.09,0.44,0.38,2026-10-07,2227,N,nominal,2.0NRT,288.9,1.23,N
30.32155,55.97507,312.54,0.44,0.38,2026-10-07,2227,N,nominal,2.0NRT,289.73,1.46,N
30.21851,55.9818,302.89,0.44,0.38,2026-10-07,2227,N,nominal,2.0NRT,289.17,0.66,N
30.21769,55.98628,300.83,0.44,0.38,2026-10-07,2227,N,nominal,2.0NRT,289.19,0.66,N
30.21421,55.98539,312.41,0.44,0.38,2026-10-07,2227,N,nominal,2.0NRT,289.65,1.55,N
30.21442,55.983,299.18,0.44,0.38,2026-10-07,2227,N,nominal,2.0NRT,288.31,0.71,N
30.21362,55.9875,302.33,0.44,0.38,2026-10-07,2227,N,nominal,2.0NRT,288.93,0.71,N
29.92729,56.73175,303.09,0.47,0.4,2026-10-07,2227,N,nominal,2.0NRT,289.23,1.42,N
30.08226,55.3998,324.44,0.42,0.38,2026-10-07,2227,N,nominal,2.0NRT,288.85,3.35,N
29.99367,55.85616,311.62,0.44,0.38,2026-10-07,2227,N,nominal,2.0NRT,288.08,0.78,N
29.99019,55.85535,321.5,0.44,0.38,2026-10-07,2227,N,nominal,2.0NRT,287.89,1.81,N
30.00834,55.20161,300.46,0.42,0.37,2026-10-07,2227,N,nominal,2.0NRT,286.32,0.73,N
29.51283,55.8003,302.43,0.44,0.38,2026-10-07,2227,N,nominal,2.0NRT,289.35,0.18,N
29.15168,55.36544,309.21,0.43,0.38,2026-10-07,2227,N,nominal,2.0NRT,288.49,1.44,N
29.13897,55.37607,304.03,0.43,0.38,2026-10-07,2227,N,nominal,2.0NRT,291.7,1.9,N
29.13473,55.37962,304.2,0.43,0.38,2026-10-07,2227,N,nominal,2.0NRT,290.78,1.19,N
27.22751,60.48869,307.33,0.56,0.51,2026-10-07,2227,N,nominal,2.0NRT,296.25,1.93,N
27.42406,56.50104,309.94,0.5,0.41,2026-10-07,2229,N,nominal,2.0NRT,297.49,2.55,N
27.30122,56.30236,315.01,0.49,0.4,2026-10-07,2229,N,nominal,2.0NRT,298.09,3.02,N
27.16957,56.09687,317.31,0.48,0.4,2026-10-07,2229,N,nominal,2.0NRT,300.67,3.18,N
27.16592,56.09602,310.51,0.48,0.4,2026-10-07,2229,N,nominal,2.0NRT,300.38,3.2,N
27.16953,56.05662,317.9,0.48,0.4,2026-10-07,2229,N,nominal,2.0NRT,299.59,3.26,N
27.16135,56.09999,309.2,0.48,0.4,2026-10-07,2229,N,nominal,2.0NRT,299.06,2.64,N
27.16133,56.07988,310.87,0.48,0.4,2026-10-07,2229,N,nominal,2.0NRT,299.54,2.44,N
27.14396,56.11111,313.96,0.48,0.4,2026-10-07,2229,N,nominal,2.0NRT,298.76,2.92,N
25.97371,56.07027,328.09,0.5,0.41,2026-10-07,2229,N,nominal,2.0NRT,303.3,2.41,N
25.96628,56.06856,318.63,0.5,0.41,2026-10-07,2229,N,nominal,2.0NRT,302.77,1,N
25.90469,54.53221,311.01,0.43,0.38,2026-10-07,2229,N,nominal,2.0NRT,299.1,0.78,N
25.57192,55.99005,310.73,0.5,0.41,2026-10-07,2229,N,nominal,2.0NRT,300.48,2.39,N
25.55703,55.98656,315.95,0.5,0.41,2026-10-07,2229,N,nominal,2.0NRT,300.8,2.73,N
24.50462,56.60973,331.65,0.56,0.43,2026-10-07,2229,N,nominal,2.0NRT,300.47,3.55,N
24.50567,56.60424,314,0.56,0.43,2026-10-07,2229,N,nominal,2.0NRT,300.72,3.55,N
24.45443,56.55199,314.48,0.56,0.43,2026-10-07,2229,N,nominal,2.0NRT,299.98,1.48,N
24.51111,54.01912,334.67,0.43,0.38,2026-10-07,2229,N,nominal,2.0NRT,304.2,5.33,N
24.50764,54.01839,322.09,0.43,0.38,2026-10-07,2229,N,nominal,2.0NRT,302.85,1.53,N
24.32915,54.47044,322.32,0.45,0.39,2026-10-07,2229,N,nominal,2.0NRT,303.1,1.77,N
24.00445,55.44246,310.77,0.5,0.41,2026-10-07,2229,N,nominal,2.0NRT,300.72,1.67,N
23.19212,55.45675,328.05,0.51,0.41,2026-10-07,2229,N,nominal,2.0NRT,299.32,2.15,N
23.1912,55.46171,311.04,0.51,0.41,2026-10-07,2229,N,nominal,2.0NRT,298.89,2.15,N
22.8791,55.92295,310.66,0.55,0.42,2026-10-07,2229,N,nominal,2.0NRT,298.12,0.94,N
22.8737,55.61364,328.27,0.53,0.42,2026-10-07,2229,N,nominal,2.0NRT,297.24,3.51,N
22.40839,56.98833,319.01,0.43,0.46,2026-10-07,2229,N,nominal,2.0NRT,297.45,1.92,N
22.40422,56.98745,327.23,0.43,0.46,2026-10-07,2229,N,nominal,2.0NRT,297.38,1.92,N
22.32653,56.4907,337.34,0.4,0.44,2026-10-07,2229,N,nominal,2.0NRT,298.38,4.26,N
22.32625,56.47033,313.21,0.4,0.44,2026-10-07,2229,N,nominal,2.0NRT,298.3,2.03,N
22.294,56.52756,307.66,0.4,0.44,2026-10-07,2229,N,nominal,2.0NRT,297.66,1.01,N
22.28995,56.52661,310,0.4,0.44,2026-10-07,2229,N,nominal,2.0NRT,297.46,1.56,N
22.27528,56.25431,314.14,0.39,0.44,2026-10-07,2229,N,nominal,2.0NRT,296.72,1.68,N
22.27128,56.25343,328.59,0.39,0.44,2026-10-07,2229,N,nominal,2.0NRT,296.72,1.68,N
22.60743,54.07062,310.39,0.45,0.39,2026-10-07,2229,N,nominal,2.0NRT,298.58,1.24,N
22.60619,54.06727,315.46,0.45,0.39,2026-10-07,2229,N,nominal,2.0NRT,300.15,2.22,N
22.52454,54.05034,315.84,0.45,0.39,2026-10-07,2229,N,nominal,2.0NRT,297.2,1.21,N
21.93733,57.07446,331.28,0.44,0.46,2026-10-07,2229,N,nominal,2.0NRT,297.07,2.13,N
21.8366,56.68097,312.92,0.42,0.45,2026-10-07,2229,N,nominal,2.0NRT,296.92,1.01,N
21.83248,56.68001,320.86,0.42,0.45,2026-10-07,2229,N,nominal,2.0NRT,296.7,1.71,N
21.33438,57.72327,310.49,0.49,0.49,2026-10-07,2229,N,nominal,2.0NRT,295.04,1.25,N
21.32104,57.72023,306.75,0.49,0.49,2026-10-07,2229,N,nominal,2.0NRT,294.43,1.76,N
21.30474,57.80114,306.57,0.5,0.49,2026-10-07,2229,N,nominal,2.0NRT,294.67,1.27,N
21.31087,57.7476,326.78,0.5,0.49,2026-10-07,2229,N,nominal,2.0NRT,294.91,1.92,N
21.31183,57.74284,312.29,0.5,0.49,2026-10-07,2229,N,nominal,2.0NRT,294.35,2.66,N
21.30516,57.70673,309.5,0.49,0.49,2026-10-07,2229,N,nominal,2.0NRT,294.54,1.06,N
21.29664,57.68005,308.97,0.49,0.49,2026-10-07,2229,N,nominal,2.0NRT,293.99,0.8,N
21.45789,56.74366,313.92,0.43,0.46,2026-10-07,2229,N,nominal,2.0NRT,296.07,1.12,N
21.29643,57.09685,310.61,0.45,0.47,2026-10-07,2229,N,nominal,2.0NRT,297.32,1.02,N
20.98611,56.77547,309.8,0.44,0.46,2026-10-07,2229,N,nominal,2.0NRT,295.68,0.81,N
21.00241,56.53394,338.85,0.42,0.45,2026-10-07,2229,N,nominal,2.0NRT,297.8,3.67,N
21.0032,56.52989,310.87,0.42,0.45,2026-10-07,2229,N,nominal,2.0NRT,296.27,3.17,N
20.55854,56.4199,313.29,0.42,0.46,2026-10-07,2229,N,nominal,2.0NRT,294.93,0.81,N
20.37617,55.93629,313.3,0.4,0.44,2026-10-07,2229,N,nominal,2.0NRT,294.92,0.61,N
20.39051,55.66244,322.57,0.39,0.44,2026-10-07,2229,N,nominal,2.0NRT,295.64,1.58,N
20.38653,55.66159,314.42,0.39,0.44,2026-10-07,2229,N,nominal,2.0NRT,294.47,1.18,N
20.38533,55.6461,322.59,0.39,0.44,2026-10-07,2229,N,nominal,2.0NRT,295.37,1.59,N
20.21361,55.71104,323.28,0.39,0.44,2026-10-07,2229,N,nominal,2.0NRT,294.43,1.27,N
19.26863,56.1764,304.74,0.43,0.46,2026-10-07,2231,N,nominal,2.0NRT,293.93,0.36,N
18.56205,55.86806,305.49,0.43,0.46,2026-10-07,2231,N,nominal,2.0NRT,294.23,0.54,N
18.17559,55.24755,313.33,0.4,0.44,2026-10-07,2231,N,nominal,2.0NRT,294.48,0.85,N
18.0345,54.64358,338.09,0.55,0.43,2026-10-07,2231,N,nominal,2.0NRT,300.37,10.71,N
18.03353,54.64875,303.78,0.55,0.43,2026-10-07,2231,N,nominal,2.0NRT,292.84,2.86,N
18.03157,54.6376,306.01,0.55,0.43,2026-10-07,2231,N,nominal,2.0NRT,295.93,10.71,N
18.03059,54.64278,305.62,0.55,0.43,2026-10-07,2231,N,nominal,2.0NRT,295.31,10.71,N
18.03519,54.64202,334.58,0.55,0.43,2026-10-07,2231,N,nominal,2.0NRT,298.24,12.71,N
18.03425,54.64722,316.26,0.55,0.43,2026-10-07,2231,N,nominal,2.0NRT,295.87,12.71,N
18.01527,54.57363,335.51,0.55,0.43,2026-10-07,2231,N,nominal,2.0NRT,302.44,10.11,N
18.01139,54.57283,341.48,0.55,0.43,2026-10-07,2231,N,nominal,2.0NRT,300.33,22.6,N
